name,actor,information,date,star,evaluate,introduction
肖,申,克,的,救,赎, ,"
", , , , , , , , , , , , , , , , , , , , , , , , , , , , ,导,演,:, ,弗,兰,克,·,德,拉,邦,特, ,F,r,a,n,k, ,D,a,r,a,b,o,n,t, , , ,主,演,:, ,蒂,姆,·,罗,宾,斯, ,T,i,m, ,R,o,b,b,i,n,s, ,/,.,.,., ,"
", , , , , , , , , , , , , , , , , , , , , , , , , , , , ,1,9,9,4, ,/, ,美,国, ,/, ,犯,罪, ,剧,情,"
", , , , , , , , , , , , , , , , , , , , , , , , , ,2,9,3,1,4,2,6,人,评,价
霸,王,别,姬, ,"
", , , , , , , , , , , , , , , , , , , , , , , , , , , , ,导,演,:, ,陈,凯,歌, ,K,a,i,g,e, ,C,h,e,n, , , ,主,演,:, ,张,国,荣, ,L,e,s,l,i,e, ,C,h,e,u,n,g, ,/, ,张,丰,毅, ,F,e,n,g,y,i, ,Z,h,a,.,.,., ,"
", , , , , , , , , , , , , , , , , , , , , , , , , , , , ,1,9,9,3, ,/, ,中,国,大,陆, ,中,国,香,港, ,/, ,剧,情, ,爱,情, ,同,性,"
", , , , , , , , , , , , , , , , , , , , , , , , , ,2,1,6,4,6,6,8,人,评,价
阿,甘,正,传, ,"
", , , , , , , , , , , , , , , , , , , , , , , , , , , , ,导,演,:, ,罗,伯,特,·,泽,米,吉,斯, ,R,o,b,e,r,t, ,Z,e,m,e,c,k,i,s, , , ,主,演,:, ,汤,姆,·,汉,克,斯, ,T,o,m, ,H,a,n,k,s, ,/, ,.,.,., ,"
", , , , , , , , , , , , , , , , , , , , , , , , , , , , ,1,9,9,4, ,/, ,美,国, ,/, ,剧,情, ,爱,情,"
", , , , , , , , , , , , , , , , , , , , , , , , , ,2,1,8,5,3,1,1,人,评,价
泰,坦,尼,克,号, ,"
", , , , , , , , , , , , , , , , , , , , , , , , , , , , ,导,演,:, ,詹,姆,斯,·,卡,梅,隆, ,J,a,m,e,s, ,C,a,m,e,r,o,n, , , ,主,演,:, ,莱,昂,纳,多,·,迪,卡,普,里,奥, ,L,e,o,n,a,r,d,o,.,.,., ,"
", , , , , , , , , , , , , , , , , , , , , , , , , , , , ,1,9,9,7, ,/, ,美,国, ,墨,西,哥, ,/, ,剧,情, ,爱,情, ,灾,难,"
", , , , , , , , , , , , , , , , , , , , , , , , , ,2,2,1,8,2,5,1,人,评,价
这,个,杀,手,不,太,冷, ,"
", , , , , , , , , , , , , , , , , , , , , , , , , , , , ,导,演,:, ,吕,克,·,贝,松, ,L,u,c, ,B,e,s,s,o,n, , , ,主,演,:, ,让,·,雷,诺, ,J,e,a,n, ,R,e,n,o, ,/, ,娜,塔,莉,·,波,特,曼, ,.,.,., ,"
", , , , , , , , , , , , , , , , , , , , , , , , , , , , ,1,9,9,4, ,/, ,法,国, ,美,国, ,/, ,剧,情, ,动,作, ,犯,罪,"
", , , , , , , , , , , , , , , , , , , , , , , , , ,2,3,1,7,7,9,8,人,评,价
千,与,千,寻, ,"
", , , , , , , , , , , , , , , , , , , , , , , , , , , , ,导,演,:, ,宫,崎,骏, ,H,a,y,a,o, ,M,i,y,a,z,a,k,i, , , ,主,演,:, ,柊,瑠,美, ,R,u,m,i, ,H,î,r,a,g,i, ,/, ,入,野,自,由, ,M,i,y,.,.,., ,"
", , , , , , , , , , , , , , , , , , , , , , , , , , , , ,2,0,0,1, ,/, ,日,本, ,/, ,剧,情, ,动,画, ,奇,幻,"
", , , , , , , , , , , , , , , , , , , , , , , , , ,2,2,6,8,9,0,7,人,评,价
美,丽,人,生, ,"
", , , , , , , , , , , , , , , , , , , , , , , , , , , , ,导,演,:, ,罗,伯,托,·,贝,尼,尼, ,R,o,b,e,r,t,o, ,B,e,n,i,g,n,i, , , ,主,演,:, ,罗,伯,托,·,贝,尼,尼, ,R,o,b,e,r,t,o, ,B,e,n,i,.,.,., ,"
", , , , , , , , , , , , , , , , , , , , , , , , , , , , ,1,9,9,7, ,/, ,意,大,利, ,/, ,剧,情, ,喜,剧, ,爱,情, ,战,争,"
", , , , , , , , , , , , , , , , , , , , , , , , , ,1,3,4,0,3,4,9,人,评,价
星,际,穿,越, ,"
", , , , , , , , , , , , , , , , , , , , , , , , , , , , ,导,演,:, ,克,里,斯,托,弗,·,诺,兰, ,C,h,r,i,s,t,o,p,h,e,r, ,N,o,l,a,n, , , ,主,演,:, ,马,修,·,麦,康,纳, ,M,a,t,t,h,e,w, ,M,c,.,.,., ,"
", , , , , , , , , , , , , , , , , , , , , , , , , , , , ,2,0,1,4, ,/, ,美,国, ,英,国, ,加,拿,大, ,/, ,剧,情, ,科,幻, ,冒,险,"
", , , , , , , , , , , , , , , , , , , , , , , , , ,1,8,7,2,2,1,3,人,评,价
辛,德,勒,的,名,单, ,"
", , , , , , , , , , , , , , , , , , , , , , , , , , , , ,导,演,:, ,史,蒂,文,·,斯,皮,尔,伯,格, ,S,t,e,v,e,n, ,S,p,i,e,l,b,e,r,g, , , ,主,演,:, ,连,姆,·,尼,森, ,L,i,a,m, ,N,e,e,s,o,n,.,.,., ,"
", , , , , , , , , , , , , , , , , , , , , , , , , , , , ,1,9,9,3, ,/, ,美,国, ,/, ,剧,情, ,历,史, ,战,争,"
", , , , , , , , , , , , , , , , , , , , , , , , , ,1,1,1,8,2,2,8,人,评,价
盗,梦,空,间, ,"
", , , , , , , , , , , , , , , , , , , , , , , , , , , , ,导,演,:, ,克,里,斯,托,弗,·,诺,兰, ,C,h,r,i,s,t,o,p,h,e,r, ,N,o,l,a,n, , , ,主,演,:, ,莱,昂,纳,多,·,迪,卡,普,里,奥, ,L,e,.,.,., ,"
", , , , , , , , , , , , , , , , , , , , , , , , , , , , ,2,0,1,0, ,/, ,美,国, ,英,国, ,/, ,剧,情, ,科,幻, ,悬,疑, ,冒,险,"
", , , , , , , , , , , , , , , , , , , , , , , , , ,2,0,8,9,3,9,6,人,评,价
楚,门,的,世,界, ,"
", , , , , , , , , , , , , , , , , , , , , , , , , , , , ,导,演,:, ,彼,得,·,威,尔, ,P,e,t,e,r, ,W,e,i,r, , , ,主,演,:, ,金,·,凯,瑞, ,J,i,m, ,C,a,r,r,e,y, ,/, ,劳,拉,·,琳,妮, ,L,a,u,.,.,., ,"
", , , , , , , , , , , , , , , , , , , , , , , , , , , , ,1,9,9,8, ,/, ,美,国, ,/, ,剧,情, ,科,幻,"
", , , , , , , , , , , , , , , , , , , , , , , , , ,1,7,3,6,2,7,3,人,评,价
忠,犬,八,公,的,故,事, ,"
", , , , , , , , , , , , , , , , , , , , , , , , , , , , ,导,演,:, ,莱,塞,·,霍,尔,斯,道,姆, ,L,a,s,s,e, ,H,a,l,l,s,t,r,ö,m, , , ,主,演,:, ,理,查,·,基,尔, ,R,i,c,h,a,r,d, ,G,e,r,.,.,., ,"
", , , , , , , , , , , , , , , , , , , , , , , , , , , , ,2,0,0,9, ,/, ,美,国, ,英,国, ,/, ,剧,情,"
", , , , , , , , , , , , , , , , , , , , , , , , , ,1,4,1,1,6,0,5,人,评,价
海,上,钢,琴,师, ,"
", , , , , , , , , , , , , , , , , , , , , , , , , , , , ,导,演,:, ,朱,塞,佩,·,托,纳,多,雷, ,G,i,u,s,e,p,p,e, ,T,o,r,n,a,t,o,r,e, , , ,主,演,:, ,蒂,姆,·,罗,斯, ,T,i,m, ,R,o,t,h, ,/, ,.,.,., ,"
", , , , , , , , , , , , , , , , , , , , , , , , , , , , ,1,9,9,8, ,/, ,意,大,利, ,/, ,剧,情, ,音,乐,"
", , , , , , , , , , , , , , , , , , , , , , , , , ,1,6,9,4,8,6,2,人,评,价
三,傻,大,闹,宝,莱,坞, ,"
", , , , , , , , , , , , , , , , , , , , , , , , , , , , ,导,演,:, ,拉,库,马,·,希,拉,尼, ,R,a,j,k,u,m,a,r, ,H,i,r,a,n,i, , , ,主,演,:, ,阿,米,尔,·,汗, ,A,a,m,i,r, ,K,h,a,n, ,/, ,卡,.,.,., ,"
", , , , , , , , , , , , , , , , , , , , , , , , , , , , ,2,0,0,9, ,/, ,印,度, ,/, ,剧,情, ,喜,剧, ,爱,情, ,歌,舞,"
", , , , , , , , , , , , , , , , , , , , , , , , , ,1,8,7,7,5,0,8,人,评,价
放,牛,班,的,春,天, ,"
", , , , , , , , , , , , , , , , , , , , , , , , , , , , ,导,演,:, ,克,里,斯,托,夫,·,巴,拉,蒂, ,C,h,r,i,s,t,o,p,h,e, ,B,a,r,r,a,t,i,e,r, , , ,主,演,:, ,让,-,巴,蒂,斯,特,·,莫,尼,.,.,., ,"
", , , , , , , , , , , , , , , , , , , , , , , , , , , , ,2,0,0,4, ,/, ,法,国, ,瑞,士, ,德,国, ,/, ,剧,情, ,音,乐,"
", , , , , , , , , , , , , , , , , , , , , , , , , ,1,3,2,6,2,3,8,人,评,价
机,器,人,总,动,员, ,"
", , , , , , , , , , , , , , , , , , , , , , , , , , , , ,导,演,:, ,安,德,鲁,·,斯,坦,顿, ,A,n,d,r,e,w, ,S,t,a,n,t,o,n, , , ,主,演,:, ,本,·,贝,尔,特, ,B,e,n, ,B,u,r,t,t, ,/, ,艾,丽,.,.,., ,"
", , , , , , , , , , , , , , , , , , , , , , , , , , , , ,2,0,0,8, ,/, ,美,国, ,/, ,科,幻, ,动,画, ,冒,险,"
", , , , , , , , , , , , , , , , , , , , , , , , , ,1,3,3,0,6,5,5,人,评,价
疯,狂,动,物,城, ,"
", , , , , , , , , , , , , , , , , , , , , , , , , , , , ,导,演,:, ,拜,伦,·,霍,华,德, ,B,y,r,o,n, ,H,o,w,a,r,d, ,/, ,瑞,奇,·,摩,尔, ,R,i,c,h, ,M,o,o,r,e, , , ,主,演,:, ,金,妮,弗,·,.,.,., ,"
", , , , , , , , , , , , , , , , , , , , , , , , , , , , ,2,0,1,6, ,/, ,美,国, ,/, ,喜,剧, ,动,画, ,冒,险,"
", , , , , , , , , , , , , , , , , , , , , , , , , ,1,9,6,4,9,1,7,人,评,价
无,间,道, ,"
", , , , , , , , , , , , , , , , , , , , , , , , , , , , ,导,演,:, ,刘,伟,强, ,/, ,麦,兆,辉, , , ,主,演,:, ,刘,德,华, ,A,n,d,y, ,L,a,u, ,/, ,梁,朝,伟, ,T,o,n,y, ,L,e,u,n,g, ,C,h,i,u, ,W,.,.,., ,"
", , , , , , , , , , , , , , , , , , , , , , , , , , , , ,2,0,0,2, ,/, ,中,国,香,港, ,/, ,剧,情, ,犯,罪, ,惊,悚,"
", , , , , , , , , , , , , , , , , , , , , , , , , ,1,3,8,1,4,9,7,人,评,价
控,方,证,人, ,"
", , , , , , , , , , , , , , , , , , , , , , , , , , , , ,导,演,:, ,比,利,·,怀,尔,德, ,B,i,l,l,y, ,W,i,l,d,e,r, , , ,主,演,:, ,泰,隆,·,鲍,华, ,T,y,r,o,n,e, ,P,o,w,e,r, ,/, ,玛,琳,·,.,.,., ,"
", , , , , , , , , , , , , , , , , , , , , , , , , , , , ,1,9,5,7, ,/, ,美,国, ,/, ,剧,情, ,犯,罪, ,悬,疑,"
", , , , , , , , , , , , , , , , , , , , , , , , , ,5,7,3,1,5,1,人,评,价
大,话,西,游,之,大,圣,娶,亲, ,"
", , , , , , , , , , , , , , , , , , , , , , , , , , , , ,导,演,:, ,刘,镇,伟, ,J,e,f,f,r,e,y, ,L,a,u, , , ,主,演,:, ,周,星,驰, ,S,t,e,p,h,e,n, ,C,h,o,w, ,/, ,吴,孟,达, ,M,a,n, ,T,a,t, ,N,g,.,.,., ,"
", , , , , , , , , , , , , , , , , , , , , , , , , , , , ,1,9,9,5, ,/, ,中,国,香,港, ,中,国,大,陆, ,/, ,喜,剧, ,爱,情, ,奇,幻, ,古,装,"
", , , , , , , , , , , , , , , , , , , , , , , , , ,1,5,4,9,6,0,7,人,评,价
熔,炉, ,"
", , , , , , , , , , , , , , , , , , , , , , , , , , , , ,导,演,:, ,黄,东,赫, ,D,o,n,g,-,h,y,u,k, ,H,w,a,n,g, , , ,主,演,:, ,孔,侑, ,Y,o,o, ,G,o,n,g, ,/, ,郑,有,美, ,Y,u,-,m,i, ,J,u,n,g, ,/,.,.,., ,"
", , , , , , , , , , , , , , , , , , , , , , , , , , , , ,2,0,1,1, ,/, ,韩,国, ,/, ,剧,情,"
", , , , , , , , , , , , , , , , , , , , , , , , , ,9,4,0,7,3,6,人,评,价
教,父, ,"
", , , , , , , , , , , , , , , , , , , , , , , , , , , , ,导,演,:, ,弗,朗,西,斯,·,福,特,·,科,波,拉, ,F,r,a,n,c,i,s, ,F,o,r,d, ,C,o,p,p,o,l,a, , , ,主,演,:, ,马,龙,·,白,兰,度, ,M,.,.,., ,"
", , , , , , , , , , , , , , , , , , , , , , , , , , , , ,1,9,7,2, ,/, ,美,国, ,/, ,剧,情, ,犯,罪,"
", , , , , , , , , , , , , , , , , , , , , , , , , ,9,7,9,6,3,3,人,评,价
触,不,可,及, ,"
", , , , , , , , , , , , , , , , , , , , , , , , , , , , ,导,演,:, ,奥,利,维,·,那,卡,什, ,O,l,i,v,i,e,r, ,N,a,k,a,c,h,e, ,/, ,艾,力,克,·,托,兰,达, ,E,r,i,c, ,T,o,l,e,d,a,n,o, , , ,主,.,.,., ,"
", , , , , , , , , , , , , , , , , , , , , , , , , , , , ,2,0,1,1, ,/, ,法,国, ,/, ,剧,情, ,喜,剧,"
", , , , , , , , , , , , , , , , , , , , , , , , , ,1,1,3,0,6,2,9,人,评,价
当,幸,福,来,敲,门, ,"
", , , , , , , , , , , , , , , , , , , , , , , , , , , , ,导,演,:, ,加,布,里,尔,·,穆,奇,诺, ,G,a,b,r,i,e,l,e, ,M,u,c,c,i,n,o, , , ,主,演,:, ,威,尔,·,史,密,斯, ,W,i,l,l, ,S,m,i,t,h, ,.,.,., ,"
", , , , , , , , , , , , , , , , , , , , , , , , , , , , ,2,0,0,6, ,/, ,美,国, ,/, ,剧,情, ,传,记, ,家,庭,"
", , , , , , , , , , , , , , , , , , , , , , , , , ,1,5,3,5,7,8,0,人,评,价
末,代,皇,帝, ,"
", , , , , , , , , , , , , , , , , , , , , , , , , , , , ,导,演,:, ,贝,纳,尔,多,·,贝,托,鲁,奇, ,B,e,r,n,a,r,d,o, ,B,e,r,t,o,l,u,c,c,i, , , ,主,演,:, ,尊,龙, ,J,o,h,n, ,L,o,n,e, ,/, ,陈,.,.,., ,"
", , , , , , , , , , , , , , , , , , , , , , , , , , , , ,1,9,8,7, ,/, ,英,国, ,意,大,利, ,中,国,大,陆, ,法,国, ,/, ,剧,情, ,传,记, ,历,史,"
", , , , , , , , , , , , , , , , , , , , , , , , , ,8,9,8,1,1,5,人,评,价
寻,梦,环,游,记, ,"
", , , , , , , , , , , , , , , , , , , , , , , , , , , , ,导,演,:, ,李,·,昂,克,里,奇, ,L,e,e, ,U,n,k,r,i,c,h, ,/, ,阿,德,里,安,·,莫,利,纳, ,A,d,r,i,a,n, ,M,o,l,i,n,a, , , ,主,演,:, ,.,.,., ,"
", , , , , , , , , , , , , , , , , , , , , , , , , , , , ,2,0,1,7, ,/, ,美,国, ,/, ,喜,剧, ,动,画, ,奇,幻, ,音,乐,"
", , , , , , , , , , , , , , , , , , , , , , , , , ,1,7,0,5,7,2,0,人,评,价
龙,猫, ,"
", , , , , , , , , , , , , , , , , , , , , , , , , , , , ,导,演,:, ,宫,崎,骏, ,H,a,y,a,o, ,M,i,y,a,z,a,k,i, , , ,主,演,:, ,日,高,法,子, ,N,o,r,i,k,o, ,H,i,d,a,k,a, ,/, ,坂,本,千,夏, ,C,h,.,.,., ,"
", , , , , , , , , , , , , , , , , , , , , , , , , , , , ,1,9,8,8, ,/, ,日,本, ,/, ,动,画, ,奇,幻, ,冒,险,"
", , , , , , , , , , , , , , , , , , , , , , , , , ,1,2,7,9,9,7,3,人,评,价
怦,然,心,动, ,"
", , , , , , , , , , , , , , , , , , , , , , , , , , , , ,导,演,:, ,罗,伯,·,莱,纳, ,R,o,b, ,R,e,i,n,e,r, , , ,主,演,:, ,玛,德,琳,·,卡,罗,尔, ,M,a,d,e,l,i,n,e, ,C,a,r,r,o,l,l, ,/, ,卡,.,.,., ,"
", , , , , , , , , , , , , , , , , , , , , , , , , , , , ,2,0,1,0, ,/, ,美,国, ,/, ,剧,情, ,喜,剧, ,爱,情,"
", , , , , , , , , , , , , , , , , , , , , , , , , ,1,8,5,3,0,5,3,人,评,价
活,着, ,"
", , , , , , , , , , , , , , , , , , , , , , , , , , , , ,导,演,:, ,张,艺,谋, ,Y,i,m,o,u, ,Z,h,a,n,g, , , ,主,演,:, ,葛,优, ,Y,o,u, ,G,e, ,/, ,巩,俐, ,L,i, ,G,o,n,g, ,/, ,姜,武, ,W,u, ,J,i,a,n,g, ,"
", , , , , , , , , , , , , , , , , , , , , , , , , , , , ,1,9,9,4, ,/, ,中,国,大,陆, ,中,国,香,港, ,/, ,剧,情, ,历,史, ,家,庭,"
", , , , , , , , , , , , , , , , , , , , , , , , , ,8,5,6,3,9,5,人,评,价
蝙,蝠,侠,：,黑,暗,骑,士, ,"
", , , , , , , , , , , , , , , , , , , , , , , , , , , , ,导,演,:, ,克,里,斯,托,弗,·,诺,兰, ,C,h,r,i,s,t,o,p,h,e,r, ,N,o,l,a,n, , , ,主,演,:, ,克,里,斯,蒂,安,·,贝,尔, ,C,h,r,i,s,t,.,.,., ,"
", , , , , , , , , , , , , , , , , , , , , , , , , , , , ,2,0,0,8, ,/, ,美,国, ,英,国, ,/, ,剧,情, ,动,作, ,科,幻, ,犯,罪, ,惊,悚,"
", , , , , , , , , , , , , , , , , , , , , , , , , ,1,0,7,4,1,5,4,人,评,价
哈,利,·,波,特,与,魔,法,石, ,"
", , , , , , , , , , , , , , , , , , , , , , , , , , , , ,导,演,:, ,C,h,r,i,s, ,C,o,l,u,m,b,u,s, , , ,主,演,:, ,D,a,n,i,e,l, ,R,a,d,c,l,i,f,f,e, ,/, ,E,m,m,a, ,W,a,t,s,o,n, ,/, ,R,u,p,e,r,t, ,G,r,i,n,t, ,"
", , , , , , , , , , , , , , , , , , , , , , , , , , , , ,2,0,0,1, ,/, ,美,国, ,英,国, ,/, ,奇,幻, ,冒,险,"
", , , , , , , , , , , , , , , , , , , , , , , , , ,1,2,0,9,4,6,8,人,评,价
指,环,王,3,：,王,者,无,敌, ,"
", , , , , , , , , , , , , , , , , , , , , , , , , , , , ,导,演,:, ,彼,得,·,杰,克,逊, ,P,e,t,e,r, ,J,a,c,k,s,o,n, , , ,主,演,:, ,伊,利,亚,·,伍,德, ,E,l,i,j,a,h, ,W,o,o,d, ,/, ,西,恩,.,.,., ,"
", , , , , , , , , , , , , , , , , , , , , , , , , , , , ,2,0,0,3, ,/, ,美,国, ,新,西,兰, ,/, ,剧,情, ,动,作, ,奇,幻, ,冒,险,"
", , , , , , , , , , , , , , , , , , , , , , , , , ,8,1,2,9,9,5,人,评,价
我,不,是,药,神, ,"
", , , , , , , , , , , , , , , , , , , , , , , , , , , , ,导,演,:, ,文,牧,野, ,M,u,y,e, ,W,e,n, , , ,主,演,:, ,徐,峥, ,Z,h,e,n,g, ,X,u, ,/, ,王,传,君, ,C,h,u,a,n,j,u,n, ,W,a,n,g, ,/, ,周,.,.,., ,"
", , , , , , , , , , , , , , , , , , , , , , , , , , , , ,2,0,1,8, ,/, ,中,国,大,陆, ,/, ,剧,情, ,喜,剧,"
", , , , , , , , , , , , , , , , , , , , , , , , , ,2,1,2,8,4,6,6,人,评,价
乱,世,佳,人, ,"
", , , , , , , , , , , , , , , , , , , , , , , , , , , , ,导,演,:, ,维,克,多,·,弗,莱,明, ,V,i,c,t,o,r, ,F,l,e,m,i,n,g, ,/, ,乔,治,·,库,克, ,G,e,o,r,g,e, ,C,u,k,o,r, , , ,主,演,:, ,费,.,.,., ,"
", , , , , , , , , , , , , , , , , , , , , , , , , , , , ,1,9,3,9, ,/, ,美,国, ,/, ,剧,情, ,历,史, ,爱,情, ,战,争,"
", , , , , , , , , , , , , , , , , , , , , , , , , ,6,9,9,5,8,8,人,评,价
飞,屋,环,游,记, ,"
", , , , , , , , , , , , , , , , , , , , , , , , , , , , ,导,演,:, ,彼,特,·,道,格,特, ,P,e,t,e, ,D,o,c,t,e,r, ,/, ,鲍,勃,·,彼,德,森, ,B,o,b, ,P,e,t,e,r,s,o,n, , , ,主,演,:, ,爱,德,.,.,., ,"
", , , , , , , , , , , , , , , , , , , , , , , , , , , , ,2,0,0,9, ,/, ,美,国, ,/, ,剧,情, ,喜,剧, ,动,画, ,冒,险,"
", , , , , , , , , , , , , , , , , , , , , , , , , ,1,3,4,1,2,0,7,人,评,价
素,媛, ,"
", , , , , , , , , , , , , , , , , , , , , , , , , , , , ,导,演,:, ,李,濬,益, ,J,u,n,-,i,k, ,L,e,e, , , ,主,演,:, ,薛,景,求, ,K,y,u,n,g,-,g,u, ,S,o,l, ,/, ,严,志,媛, ,J,i,-,w,o,n, ,U,h,m, ,.,.,., ,"
", , , , , , , , , , , , , , , , , , , , , , , , , , , , ,2,0,1,3, ,/, ,韩,国, ,/, ,剧,情,"
", , , , , , , , , , , , , , , , , , , , , , , , , ,6,9,4,9,6,1,人,评,价
哈,尔,的,移,动,城,堡, ,"
", , , , , , , , , , , , , , , , , , , , , , , , , , , , ,导,演,:, ,宫,崎,骏, ,H,a,y,a,o, ,M,i,y,a,z,a,k,i, , , ,主,演,:, ,倍,赏,千,惠,子, ,C,h,i,e,k,o, ,B,a,i,s,h,ô, ,/, ,木,村,拓,.,.,., ,"
", , , , , , , , , , , , , , , , , , , , , , , , , , , , ,2,0,0,4, ,/, ,日,本, ,/, ,动,画, ,奇,幻, ,冒,险,"
", , , , , , , , , , , , , , , , , , , , , , , , , ,1,0,3,9,1,0,1,人,评,价
十,二,怒,汉, ,"
", , , , , , , , , , , , , , , , , , , , , , , , , , , , ,导,演,:, ,S,i,d,n,e,y, ,L,u,m,e,t, , , ,主,演,:, ,亨,利,·,方,达, ,H,e,n,r,y, ,F,o,n,d,a, ,/, ,马,丁,·,鲍,尔,萨,姆, ,M,a,r,t,i,.,.,., ,"
", , , , , , , , , , , , , , , , , , , , , , , , , , , , ,1,9,5,7, ,/, ,美,国, ,/, ,剧,情,"
", , , , , , , , , , , , , , , , , , , , , , , , , ,4,9,7,7,8,9,人,评,价
何,以,为,家, ,"
", , , , , , , , , , , , , , , , , , , , , , , , , , , , ,导,演,:, ,娜,丁,·,拉,巴,基, ,N,a,d,i,n,e, ,L,a,b,a,k,i, , , ,主,演,:, ,扎,因,·,拉,费,阿, ,Z,a,i,n, ,a,l,-,R,a,f,e,e,a, ,/, ,.,.,., ,"
", , , , , , , , , , , , , , , , , , , , , , , , , , , , ,2,0,1,8, ,/, ,黎,巴,嫩, ,美,国, ,法,国, ,塞,浦,路,斯, ,卡,塔,尔, ,英,国, ,/, ,剧,情,"
", , , , , , , , , , , , , , , , , , , , , , , , , ,1,0,5,6,2,1,6,人,评,价
摔,跤,吧,！,爸,爸, ,"
", , , , , , , , , , , , , , , , , , , , , , , , , , , , ,导,演,:, ,涅,提,·,蒂,瓦,里, ,N,i,t,e,s,h, ,T,i,w,a,r,i, , , ,主,演,:, ,阿,米,尔,·,汗, ,A,a,m,i,r, ,K,h,a,n, ,/, ,法,缇,玛,.,.,., ,"
", , , , , , , , , , , , , , , , , , , , , , , , , , , , ,2,0,1,6, ,/, ,印,度, ,/, ,剧,情, ,传,记, ,运,动, ,家,庭,"
", , , , , , , , , , , , , , , , , , , , , , , , , ,1,5,8,5,4,3,4,人,评,价
让,子,弹,飞, ,"
", , , , , , , , , , , , , , , , , , , , , , , , , , , , ,导,演,:, ,姜,文, ,W,e,n, ,J,i,a,n,g, , , ,主,演,:, ,姜,文, ,W,e,n, ,J,i,a,n,g, ,/, ,葛,优, ,Y,o,u, ,G,e, ,/, ,周,润,发, ,Y,u,n,-,F,.,.,., ,"
", , , , , , , , , , , , , , , , , , , , , , , , , , , , ,2,0,1,0, ,/, ,中,国,大,陆, ,中,国,香,港, ,/, ,剧,情, ,喜,剧, ,动,作, ,西,部,"
", , , , , , , , , , , , , , , , , , , , , , , , , ,1,7,1,8,5,6,3,人,评,价
猫,鼠,游,戏, ,"
", , , , , , , , , , , , , , , , , , , , , , , , , , , , ,导,演,:, ,史,蒂,文,·,斯,皮,尔,伯,格, ,S,t,e,v,e,n, ,S,p,i,e,l,b,e,r,g, , , ,主,演,:, ,莱,昂,纳,多,·,迪,卡,普,里,奥, ,L,.,.,., ,"
", , , , , , , , , , , , , , , , , , , , , , , , , , , , ,2,0,0,2, ,/, ,美,国, ,加,拿,大, ,/, ,传,记, ,犯,罪, ,剧,情,"
", , , , , , , , , , , , , , , , , , , , , , , , , ,1,0,4,1,1,6,7,人,评,价
天,空,之,城, ,"
", , , , , , , , , , , , , , , , , , , , , , , , , , , , ,导,演,:, ,宫,崎,骏, ,H,a,y,a,o, ,M,i,y,a,z,a,k,i, , , ,主,演,:, ,田,中,真,弓, ,M,a,y,u,m,i, ,T,a,n,a,k,a, ,/, ,横,泽,启,子, ,K,e,.,.,., ,"
", , , , , , , , , , , , , , , , , , , , , , , , , , , , ,1,9,8,6, ,/, ,日,本, ,/, ,动,画, ,奇,幻, ,冒,险,"
", , , , , , , , , , , , , , , , , , , , , , , , , ,8,8,5,0,1,6,人,评,价
鬼,子,来,了, ,"
", , , , , , , , , , , , , , , , , , , , , , , , , , , , ,导,演,:, ,姜,文, ,W,e,n, ,J,i,a,n,g, , , ,主,演,:, ,姜,文, ,W,e,n, ,J,i,a,n,g, ,/, ,香,川,照,之, ,T,e,r,u,y,u,k,i, ,K,a,g,a,w,a, ,/,.,.,., ,"
", , , , , , , , , , , , , , , , , , , , , , , , , , , , ,2,0,0,0, ,/, ,中,国,大,陆, ,/, ,剧,情, ,喜,剧,"
", , , , , , , , , , , , , , , , , , , , , , , , , ,6,3,4,0,0,9,人,评,价
少,年,派,的,奇,幻,漂,流, ,"
", , , , , , , , , , , , , , , , , , , , , , , , , , , , ,导,演,:, ,李,安, ,A,n,g, ,L,e,e, , , ,主,演,:, ,苏,拉,·,沙,玛, ,S,u,r,a,j, ,S,h,a,r,m,a, ,/, ,伊,尔,凡,·,可,汗, ,I,r,r,f,a,n,.,.,., ,"
", , , , , , , , , , , , , , , , , , , , , , , , , , , , ,2,0,1,2, ,/, ,美,国, ,中,国,台,湾, ,英,国, ,加,拿,大, ,/, ,剧,情, ,奇,幻, ,冒,险,"
", , , , , , , , , , , , , , , , , , , , , , , , , ,1,3,6,1,9,5,6,人,评,价
海,蒂,和,爷,爷, ,"
", , , , , , , , , , , , , , , , , , , , , , , , , , , , ,导,演,:, ,阿,兰,·,葛,斯,彭,纳, ,A,l,a,i,n, ,G,s,p,o,n,e,r, , , ,主,演,:, ,阿,努,克,·,斯,特,芬, ,A,n,u,k, ,S,t,e,f,f,e,n, ,/,.,.,., ,"
", , , , , , , , , , , , , , , , , , , , , , , , , , , , ,2,0,1,5, ,/, ,德,国, ,瑞,士, ,/, ,剧,情, ,冒,险, ,家,庭,"
", , , , , , , , , , , , , , , , , , , , , , , , , ,6,2,7,5,3,2,人,评,价
钢,琴,家, ,"
", , , , , , , , , , , , , , , , , , , , , , , , , , , , ,导,演,:, ,罗,曼,·,波,兰,斯,基, ,R,o,m,a,n, ,P,o,l,a,n,s,k,i, , , ,主,演,:, ,艾,德,里,安,·,布,洛,迪, ,A,d,r,i,e,n, ,B,r,o,d,.,.,., ,"
", , , , , , , , , , , , , , , , , , , , , , , , , , , , ,2,0,0,2, ,/, ,英,国, ,法,国, ,波,兰, ,德,国, ,/, ,剧,情, ,传,记, ,战,争, ,音,乐,"
", , , , , , , , , , , , , , , , , , , , , , , , , ,6,4,9,8,5,8,人,评,价
大,话,西,游,之,月,光,宝,盒, ,"
", , , , , , , , , , , , , , , , , , , , , , , , , , , , ,导,演,:, ,刘,镇,伟, ,J,e,f,f,r,e,y, ,L,a,u, , , ,主,演,:, ,周,星,驰, ,S,t,e,p,h,e,n, ,C,h,o,w, ,/, ,吴,孟,达, ,M,a,n, ,T,a,t, ,N,g,.,.,., ,"
", , , , , , , , , , , , , , , , , , , , , , , , , , , , ,1,9,9,5, ,/, ,中,国,香,港, ,中,国,大,陆, ,/, ,喜,剧, ,爱,情, ,奇,幻, ,古,装,"
", , , , , , , , , , , , , , , , , , , , , , , , , ,1,2,3,3,8,3,3,人,评,价
指,环,王,2,：,双,塔,奇,兵, ,"
", , , , , , , , , , , , , , , , , , , , , , , , , , , , ,导,演,:, ,彼,得,·,杰,克,逊, ,P,e,t,e,r, ,J,a,c,k,s,o,n, , , ,主,演,:, ,伊,利,亚,·,伍,德, ,E,l,i,j,a,h, ,W,o,o,d, ,/, ,西,恩,.,.,., ,"
", , , , , , , , , , , , , , , , , , , , , , , , , , , , ,2,0,0,2, ,/, ,美,国, ,新,西,兰, ,/, ,剧,情, ,动,作, ,奇,幻, ,冒,险,"
", , , , , , , , , , , , , , , , , , , , , , , , , ,7,6,2,7,1,7,人,评,价
闻,香,识,女,人, ,"
", , , , , , , , , , , , , , , , , , , , , , , , , , , , ,导,演,:, ,马,丁,·,布,莱,斯, ,M,a,r,t,i,n, ,B,r,e,s,t, , , ,主,演,:, ,阿,尔,·,帕,西,诺, ,A,l, ,P,a,c,i,n,o, ,/, ,克,里,斯,.,.,., ,"
", , , , , , , , , , , , , , , , , , , , , , , , , , , , ,1,9,9,2, ,/, ,美,国, ,/, ,剧,情,"
", , , , , , , , , , , , , , , , , , , , , , , , , ,8,9,7,3,2,7,人,评,价
罗,马,假,日, ,"
", , , , , , , , , , , , , , , , , , , , , , , , , , , , ,导,演,:, ,威,廉,·,惠,勒, ,W,i,l,l,i,a,m, ,W,y,l,e,r, , , ,主,演,:, ,奥,黛,丽,·,赫,本, ,A,u,d,r,e,y, ,H,e,p,b,u,r,n, ,/, ,格,.,.,., ,"
", , , , , , , , , , , , , , , , , , , , , , , , , , , , ,1,9,5,3, ,/, ,美,国, ,/, ,喜,剧, ,剧,情, ,爱,情,"
", , , , , , , , , , , , , , , , , , , , , , , , , ,9,5,9,2,8,7,人,评,价
死,亡,诗,社, ,"
", , , , , , , , , , , , , , , , , , , , , , , , , , , , ,导,演,:, ,彼,得,·,威,尔, ,P,e,t,e,r, ,W,e,i,r, , , ,主,演,:, ,罗,宾,·,威,廉,姆,斯, ,R,o,b,i,n, ,W,i,l,l,i,a,m,s, ,/, ,罗,伯,.,.,., ,"
", , , , , , , , , , , , , , , , , , , , , , , , , , , , ,1,9,8,9, ,/, ,美,国, ,/, ,剧,情,"
", , , , , , , , , , , , , , , , , , , , , , , , , ,7,3,7,4,5,5,人,评,价
绿,皮,书, ,"
", , , , , , , , , , , , , , , , , , , , , , , , , , , , ,导,演,:, ,彼,得,·,法,雷,里, ,P,e,t,e,r, ,F,a,r,r,e,l,l,y, , , ,主,演,:, ,维,果,·,莫,腾,森, ,V,i,g,g,o, ,M,o,r,t,e,n,s,e,n, ,/,.,.,., ,"
", , , , , , , , , , , , , , , , , , , , , , , , , , , , ,2,0,1,8, ,/, ,美,国, ,中,国,大,陆, ,/, ,剧,情, ,喜,剧, ,传,记, ,音,乐,"
", , , , , , , , , , , , , , , , , , , , , , , , , ,1,6,6,9,2,9,3,人,评,价
天,堂,电,影,院, ,"
", , , , , , , , , , , , , , , , , , , , , , , , , , , , ,导,演,:, ,朱,塞,佩,·,托,纳,多,雷, ,G,i,u,s,e,p,p,e, ,T,o,r,n,a,t,o,r,e, , , ,主,演,:, ,菲,利,普,·,努,瓦,雷, ,P,h,i,l,i,p,p,.,.,., ,"
", , , , , , , , , , , , , , , , , , , , , , , , , , , , ,1,9,8,8, ,/, ,意,大,利, ,法,国, ,/, ,剧,情, ,爱,情,"
", , , , , , , , , , , , , , , , , , , , , , , , , ,6,8,4,5,2,5,人,评,价
大,闹,天,宫, ,"
", , , , , , , , , , , , , , , , , , , , , , , , , , , , ,导,演,:, ,万,籁,鸣, ,L,a,i,m,i,n,g, ,W,a,n, , , ,主,演,:, ,邱,岳,峰, ,Y,u,e,f,e,n,g, ,Q,i,u, ,/, ,富,润,生, ,R,u,n,s,h,e,n,g, ,F,u,.,.,., ,"
", , , , , , , , , , , , , , , , , , , , , , , , , , , , ,1,9,6,1,(,中,国,大,陆,), ,/, ,1,9,6,4,(,中,国,大,陆,), ,/, ,1,9,7,8,(,中,国,大,陆,), ,/, ,中,国,大,陆, ,/, ,剧,情, ,动,画, ,奇,幻, ,古,装,"
", , , , , , , , , , , , , , , , , , , , , , , , , ,4,4,4,2,1,6,人,评,价
指,环,王,1,：,护,戒,使,者, ,"
", , , , , , , , , , , , , , , , , , , , , , , , , , , , ,导,演,:, ,彼,得,·,杰,克,逊, ,P,e,t,e,r, ,J,a,c,k,s,o,n, , , ,主,演,:, ,伊,利,亚,·,伍,德, ,E,l,i,j,a,h, ,W,o,o,d, ,/, ,西,恩,.,.,., ,"
", , , , , , , , , , , , , , , , , , , , , , , , , , , , ,2,0,0,1, ,/, ,新,西,兰, ,美,国, ,/, ,剧,情, ,动,作, ,奇,幻, ,冒,险,"
", , , , , , , , , , , , , , , , , , , , , , , , , ,8,5,7,2,0,1,人,评,价
黑,客,帝,国, ,"
", , , , , , , , , , , , , , , , , , , , , , , , , , , , ,导,演,:, ,安,迪,·,沃,卓,斯,基, ,A,n,d,y, ,W,a,c,h,o,w,s,k,i, ,/, ,拉,娜,·,沃,卓,斯,基, ,L,a,n,a, ,W,a,c,h,o,w,s,k,i, , , ,主,.,.,., ,"
", , , , , , , , , , , , , , , , , , , , , , , , , , , , ,1,9,9,9, ,/, ,美,国, ,/, ,动,作, ,科,幻,"
", , , , , , , , , , , , , , , , , , , , , , , , , ,8,4,6,7,3,8,人,评,价
教,父,2, ,"
", , , , , , , , , , , , , , , , , , , , , , , , , , , , ,导,演,:, ,弗,朗,西,斯,·,福,特,·,科,波,拉, ,F,r,a,n,c,i,s, ,F,o,r,d, ,C,o,p,p,o,l,a, , , ,主,演,:, ,阿,尔,·,帕,西,诺, ,A,.,.,., ,"
", , , , , , , , , , , , , , , , , , , , , , , , , , , , ,1,9,7,4, ,/, ,美,国, ,/, ,剧,情, ,犯,罪,"
", , , , , , , , , , , , , , , , , , , , , , , , , ,5,5,9,8,8,4,人,评,价
狮,子,王, ,"
", , , , , , , , , , , , , , , , , , , , , , , , , , , , ,导,演,:, ,R,o,g,e,r, ,A,l,l,e,r,s, ,/, ,罗,伯,·,明,可,夫, ,R,o,b, ,M,i,n,k,o,f,f, , , ,主,演,:, ,乔,纳,森,·,泰,勒,·,托,马,.,.,., ,"
", , , , , , , , , , , , , , , , , , , , , , , , , , , , ,1,9,9,4, ,/, ,美,国, ,/, ,动,画, ,冒,险, ,歌,舞,"
", , , , , , , , , , , , , , , , , , , , , , , , , ,8,5,3,0,6,6,人,评,价
辩,护,人, ,"
", , , , , , , , , , , , , , , , , , , , , , , , , , , , ,导,演,:, ,杨,宇,硕, ,W,o,o,-,s,e,o,k, ,Y,a,n,g, , , ,主,演,:, ,宋,康,昊, ,K,a,n,g,-,h,o, ,S,o,n,g, ,/, ,金,英,爱, ,Y,e,o,n,g,-,a,e,.,.,., ,"
", , , , , , , , , , , , , , , , , , , , , , , , , , , , ,2,0,1,3, ,/, ,韩,国, ,/, ,剧,情,"
", , , , , , , , , , , , , , , , , , , , , , , , , ,5,9,4,0,4,8,人,评,价
饮,食,男,女, ,"
", , , , , , , , , , , , , , , , , , , , , , , , , , , , ,导,演,:, ,李,安, ,A,n,g, ,L,e,e, , , ,主,演,:, ,郎,雄, ,S,i,h,u,n,g, ,L,u,n,g, ,/, ,杨,贵,媚, ,K,u,e,i,-,M,e,i, ,Y,a,n,g, ,/, ,吴,.,.,., ,"
", , , , , , , , , , , , , , , , , , , , , , , , , , , , ,1,9,9,4, ,/, ,中,国,台,湾, ,美,国, ,/, ,剧,情, ,家,庭,"
", , , , , , , , , , , , , , , , , , , , , , , , , ,6,2,8,5,1,5,人,评,价
搏,击,俱,乐,部, ,"
", , , , , , , , , , , , , , , , , , , , , , , , , , , , ,导,演,:, ,大,卫,·,芬,奇, ,D,a,v,i,d, ,F,i,n,c,h,e,r, , , ,主,演,:, ,爱,德,华,·,诺,顿, ,E,d,w,a,r,d, ,N,o,r,t,o,n, ,/, ,布,拉,.,.,., ,"
", , , , , , , , , , , , , , , , , , , , , , , , , , , , ,1,9,9,9, ,/, ,美,国, ,/, ,剧,情, ,动,作, ,悬,疑, ,惊,悚,"
", , , , , , , , , , , , , , , , , , , , , , , , , ,8,5,5,1,6,3,人,评,价
美,丽,心,灵, ,"
", , , , , , , , , , , , , , , , , , , , , , , , , , , , ,导,演,:, ,朗,·,霍,华,德, ,R,o,n, ,H,o,w,a,r,d, , , ,主,演,:, ,罗,素,·,克,劳, ,R,u,s,s,e,l,l, ,C,r,o,w,e, ,/, ,艾,德,·,哈,.,.,., ,"
", , , , , , , , , , , , , , , , , , , , , , , , , , , , ,2,0,0,1, ,/, ,美,国, ,/, ,传,记, ,剧,情,"
", , , , , , , , , , , , , , , , , , , , , , , , , ,7,7,6,7,9,2,人,评,价
本,杰,明,·,巴,顿,奇,事, ,"
", , , , , , , , , , , , , , , , , , , , , , , , , , , , ,导,演,:, ,大,卫,·,芬,奇, ,D,a,v,i,d, ,F,i,n,c,h,e,r, , , ,主,演,:, ,凯,特,·,布,兰,切,特, ,C,a,t,e, ,B,l,a,n,c,h,e,t,t, ,/, ,.,.,., ,"
", , , , , , , , , , , , , , , , , , , , , , , , , , , , ,2,0,0,8, ,/, ,美,国, ,/, ,剧,情, ,爱,情, ,奇,幻,"
", , , , , , , , , , , , , , , , , , , , , , , , , ,9,9,3,7,6,2,人,评,价
穿,条,纹,睡,衣,的,男,孩, ,"
", , , , , , , , , , , , , , , , , , , , , , , , , , , , ,导,演,:, ,马,克,·,赫,尔,曼, ,M,a,r,k, ,H,e,r,m,a,n, , , ,主,演,:, ,阿,萨,·,巴,特,菲,尔,德, ,A,s,a, ,B,u,t,t,e,r,f,i,e,l,d, ,.,.,., ,"
", , , , , , , , , , , , , , , , , , , , , , , , , , , , ,2,0,0,8, ,/, ,英,国, ,美,国, ,/, ,剧,情, ,战,争,"
", , , , , , , , , , , , , , , , , , , , , , , , , ,5,7,2,8,3,6,人,评,价
窃,听,风,暴, ,"
", , , , , , , , , , , , , , , , , , , , , , , , , , , , ,导,演,:, ,弗,洛,里,安,·,亨,克,尔,·,冯,·,多,纳,斯,马,尔,克, ,F,l,o,r,i,a,n, ,H,e,n,c,k,e,l, ,v,o,n, ,D,o,n,n,e,r,s,m,a,r,c,k, , ,&,n,.,.,., ,"
", , , , , , , , , , , , , , , , , , , , , , , , , , , , ,2,0,0,6, ,/, ,德,国, ,/, ,剧,情, ,悬,疑,"
", , , , , , , , , , , , , , , , , , , , , , , , , ,5,7,0,3,7,5,人,评,价
情,书, ,"
", , , , , , , , , , , , , , , , , , , , , , , , , , , , ,导,演,:, ,岩,井,俊,二, ,S,h,u,n,j,i, ,I,w,a,i, , , ,主,演,:, ,中,山,美,穗, ,M,i,h,o, ,N,a,k,a,y,a,m,a, ,/, ,丰,川,悦,司, ,E,t,s,.,.,., ,"
", , , , , , , , , , , , , , , , , , , , , , , , , , , , ,1,9,9,5, ,/, ,日,本, ,/, ,剧,情, ,爱,情,"
", , , , , , , , , , , , , , , , , , , , , , , , , ,1,1,2,7,5,2,2,人,评,价
两,杆,大,烟,枪, ,"
", , , , , , , , , , , , , , , , , , , , , , , , , , , , ,导,演,:, ,盖,·,里,奇, ,G,u,y, ,R,i,t,c,h,i,e, , , ,主,演,:, ,杰,森,·,弗,莱,明, ,J,a,s,o,n, ,F,l,e,m,y,n,g, ,/, ,德,克,斯,特,.,.,., ,"
", , , , , , , , , , , , , , , , , , , , , , , , , , , , ,1,9,9,8, ,/, ,英,国, ,/, ,剧,情, ,喜,剧, ,犯,罪,"
", , , , , , , , , , , , , , , , , , , , , , , , , ,6,0,0,6,9,8,人,评,价
西,西,里,的,美,丽,传,说, ,"
", , , , , , , , , , , , , , , , , , , , , , , , , , , , ,导,演,:, ,朱,塞,佩,·,托,纳,多,雷, ,G,i,u,s,e,p,p,e, ,T,o,r,n,a,t,o,r,e, , , ,主,演,:, ,莫,妮,卡,·,贝,鲁,奇, ,M,o,n,i,c,a, ,.,.,., ,"
", , , , , , , , , , , , , , , , , , , , , , , , , , , , ,2,0,0,0, ,/, ,意,大,利, ,美,国, ,/, ,剧,情, ,战,争, ,情,色,"
", , , , , , , , , , , , , , , , , , , , , , , , , ,9,8,5,3,5,6,人,评,价
看,不,见,的,客,人, ,"
", , , , , , , , , , , , , , , , , , , , , , , , , , , , ,导,演,:, ,奥,里,奥,尔,·,保,罗, ,O,r,i,o,l, ,P,a,u,l,o, , , ,主,演,:, ,马,里,奥,·,卡,萨,斯, ,M,a,r,i,o, ,C,a,s,a,s, ,/, ,阿,.,.,., ,"
", , , , , , , , , , , , , , , , , , , , , , , , , , , , ,2,0,1,6, ,/, ,西,班,牙, ,/, ,剧,情, ,犯,罪, ,悬,疑, ,惊,悚,"
", , , , , , , , , , , , , , , , , , , , , , , , , ,1,2,8,4,9,6,0,人,评,价
音,乐,之,声, ,"
", , , , , , , , , , , , , , , , , , , , , , , , , , , , ,导,演,:, ,罗,伯,特,·,怀,斯, ,R,o,b,e,r,t, ,W,i,s,e, , , ,主,演,:, ,朱,莉,·,安,德,鲁,斯, ,J,u,l,i,e, ,A,n,d,r,e,w,s, ,/, ,克,.,.,., ,"
", , , , , , , , , , , , , , , , , , , , , , , , , , , , ,1,9,6,5, ,/, ,美,国, ,/, ,剧,情, ,传,记, ,爱,情, ,歌,舞,"
", , , , , , , , , , , , , , , , , , , , , , , , , ,6,0,9,4,3,5,人,评,价
阿,凡,达, ,"
", , , , , , , , , , , , , , , , , , , , , , , , , , , , ,导,演,:, ,詹,姆,斯,·,卡,梅,隆, ,J,a,m,e,s, ,C,a,m,e,r,o,n, , , ,主,演,:, ,萨,姆,·,沃,辛,顿, ,S,a,m, ,W,o,r,t,h,i,n,g,t,o,n, ,.,.,., ,"
", , , , , , , , , , , , , , , , , , , , , , , , , , , , ,2,0,0,9, ,/, ,美,国, ,/, ,动,作, ,科,幻, ,冒,险,"
", , , , , , , , , , , , , , , , , , , , , , , , , ,1,4,3,5,3,0,9,人,评,价
拯,救,大,兵,瑞,恩, ,"
", , , , , , , , , , , , , , , , , , , , , , , , , , , , ,导,演,:, ,史,蒂,文,·,斯,皮,尔,伯,格, ,S,t,e,v,e,n, ,S,p,i,e,l,b,e,r,g, , , ,主,演,:, ,汤,姆,·,汉,克,斯, ,T,o,m, ,H,a,n,k,s,.,.,., ,"
", , , , , , , , , , , , , , , , , , , , , , , , , , , , ,1,9,9,8, ,/, ,美,国, ,/, ,剧,情, ,战,争,"
", , , , , , , , , , , , , , , , , , , , , , , , , ,6,5,3,9,8,7,人,评,价
哈,利,·,波,特,与,死,亡,圣,器,(,下,), ,"
", , , , , , , , , , , , , , , , , , , , , , , , , , , , ,导,演,:, ,大,卫,·,叶,茨, ,D,a,v,i,d, ,Y,a,t,e,s, , , ,主,演,:, ,丹,尼,尔,·,雷,德,克,里,夫, ,D,a,n,i,e,l, ,R,a,d,c,l,i,f,f,e,.,.,., ,"
", , , , , , , , , , , , , , , , , , , , , , , , , , , , ,2,0,1,1, ,/, ,美,国, ,英,国, ,/, ,奇,幻, ,冒,险,"
", , , , , , , , , , , , , , , , , , , , , , , , , ,8,4,2,8,3,5,人,评,价
飞,越,疯,人,院, ,"
", , , , , , , , , , , , , , , , , , , , , , , , , , , , ,导,演,:, ,米,洛,斯,·,福,尔,曼, ,M,i,l,o,š, ,F,o,r,m,a,n, , , ,主,演,:, ,杰,克,·,尼,科,尔,森, ,J,a,c,k, ,N,i,c,h,o,l,s,.,.,., ,"
", , , , , , , , , , , , , , , , , , , , , , , , , , , , ,1,9,7,5, ,/, ,美,国, ,/, ,剧,情,"
", , , , , , , , , , , , , , , , , , , , , , , , , ,5,5,2,1,6,1,人,评,价
小,鞋,子, ,"
", , , , , , , , , , , , , , , , , , , , , , , , , , , , ,导,演,:, ,马,基,德,·,马,基,迪, ,M,a,j,i,d, ,M,a,j,i,d,i, , , ,主,演,:, ,默,罕,默,德,·,阿,米,尔,·,纳,吉, ,M,o,h,a,m,m,a,.,.,., ,"
", , , , , , , , , , , , , , , , , , , , , , , , , , , , ,1,9,9,7, ,/, ,伊,朗, ,/, ,剧,情, ,儿,童, ,家,庭,"
", , , , , , , , , , , , , , , , , , , , , , , , , ,4,1,5,6,1,9,人,评,价
沉,默,的,羔,羊, ,"
", , , , , , , , , , , , , , , , , , , , , , , , , , , , ,导,演,:, ,乔,纳,森,·,戴,米, ,J,o,n,a,t,h,a,n, ,D,e,m,m,e, , , ,主,演,:, ,朱,迪,·,福,斯,特, ,J,o,d,i,e, ,F,o,s,t,e,r, ,/, ,安,.,.,., ,"
", , , , , , , , , , , , , , , , , , , , , , , , , , , , ,1,9,9,1, ,/, ,美,国, ,/, ,剧,情, ,犯,罪, ,惊,悚,"
", , , , , , , , , , , , , , , , , , , , , , , , , ,9,0,0,0,9,6,人,评,价
布,达,佩,斯,大,饭,店, ,"
", , , , , , , , , , , , , , , , , , , , , , , , , , , , ,导,演,:, ,韦,斯,·,安,德,森, ,W,e,s, ,A,n,d,e,r,s,o,n, , , ,主,演,:, ,拉,尔,夫,·,费,因,斯, ,R,a,l,p,h, ,F,i,e,n,n,e,s, ,/, ,.,.,., ,"
", , , , , , , , , , , , , , , , , , , , , , , , , , , , ,2,0,1,4, ,/, ,美,国, ,德,国, ,英,国, ,/, ,剧,情, ,喜,剧, ,冒,险,"
", , , , , , , , , , , , , , , , , , , , , , , , , ,9,4,8,7,4,5,人,评,价
禁,闭,岛, ,"
", , , , , , , , , , , , , , , , , , , , , , , , , , , , ,导,演,:, ,M,a,r,t,i,n, ,S,c,o,r,s,e,s,e, , , ,主,演,:, ,莱,昂,纳,多,·,迪,卡,普,里,奥, ,L,e,o,n,a,r,d,o, ,D,i,C,a,p,r,i,o, ,/, ,.,.,., ,"
", , , , , , , , , , , , , , , , , , , , , , , , , , , , ,2,0,1,0, ,/, ,美,国, ,/, ,剧,情, ,悬,疑, ,惊,悚,"
", , , , , , , , , , , , , , , , , , , , , , , , , ,9,8,9,6,5,3,人,评,价
功,夫, ,"
", , , , , , , , , , , , , , , , , , , , , , , , , , , , ,导,演,:, ,周,星,驰, ,S,t,e,p,h,e,n, ,C,h,o,w, , , ,主,演,:, ,周,星,驰, ,S,t,e,p,h,e,n, ,C,h,o,w, ,/, ,元,秋, ,Q,i,u, ,Y,u,e,n, ,/, ,.,.,., ,"
", , , , , , , , , , , , , , , , , , , , , , , , , , , , ,2,0,0,4, ,/, ,中,国,大,陆, ,中,国,香,港, ,/, ,动,作, ,喜,剧, ,犯,罪, ,奇,幻,"
", , , , , , , , , , , , , , , , , , , , , , , , , ,1,1,4,9,9,1,1,人,评,价
蝴,蝶,效,应, ,"
", , , , , , , , , , , , , , , , , , , , , , , , , , , , ,导,演,:, ,埃,里,克,·,布,雷,斯, ,E,r,i,c, ,B,r,e,s,s, ,/, ,J,·,麦,基,·,格,鲁,伯, ,J,., ,M,a,c,k,y,e, ,G,r,u,b,e,r, , , ,主,.,.,., ,"
", , , , , , , , , , , , , , , , , , , , , , , , , , , , ,2,0,0,4, ,/, ,美,国, ,加,拿,大, ,/, ,剧,情, ,悬,疑, ,科,幻, ,惊,悚,"
", , , , , , , , , , , , , , , , , , , , , , , , , ,9,4,9,0,2,1,人,评,价
致,命,魔,术, ,"
", , , , , , , , , , , , , , , , , , , , , , , , , , , , ,导,演,:, ,克,里,斯,托,弗,·,诺,兰, ,C,h,r,i,s,t,o,p,h,e,r, ,N,o,l,a,n, , , ,主,演,:, ,休,·,杰,克,曼, ,H,u,g,h, ,J,a,c,k,m,a,n,.,.,., ,"
", , , , , , , , , , , , , , , , , , , , , , , , , , , , ,2,0,0,6, ,/, ,英,国, ,美,国, ,/, ,剧,情, ,悬,疑, ,惊,悚,"
", , , , , , , , , , , , , , , , , , , , , , , , , ,8,7,0,7,7,2,人,评,价
哈,利,·,波,特,与,阿,兹,卡,班,的,囚,徒, ,"
", , , , , , , , , , , , , , , , , , , , , , , , , , , , ,导,演,:, ,A,l,f,o,n,s,o, ,C,u,a,r,ó,n, , , ,主,演,:, ,丹,尼,尔,·,雷,德,克,里,夫, ,D,a,n,i,e,l, ,R,a,d,c,l,i,f,f,e, ,/, ,E,m,m,a,.,.,., ,"
", , , , , , , , , , , , , , , , , , , , , , , , , , , , ,2,0,0,4, ,/, ,英,国, ,美,国, ,/, ,奇,幻, ,冒,险,"
", , , , , , , , , , , , , , , , , , , , , , , , , ,7,4,2,5,9,7,人,评,价
心,灵,捕,手, ,"
", , , , , , , , , , , , , , , , , , , , , , , , , , , , ,导,演,:, ,格,斯,·,范,·,桑,特, ,G,u,s, ,V,a,n, ,S,a,n,t, , , ,主,演,:, ,马,特,·,达,蒙, ,M,a,t,t, ,D,a,m,o,n, ,/, ,罗,宾,·,.,.,., ,"
", , , , , , , , , , , , , , , , , , , , , , , , , , , , ,1,9,9,7, ,/, ,美,国, ,/, ,剧,情,"
", , , , , , , , , , , , , , , , , , , , , , , , , ,7,2,2,4,1,8,人,评,价
超,脱, ,"
", , , , , , , , , , , , , , , , , , , , , , , , , , , , ,导,演,:, ,托,尼,·,凯,耶, ,T,o,n,y, ,K,a,y,e, , , ,主,演,:, ,艾,德,里,安,·,布,洛,迪, ,A,d,r,i,e,n, ,B,r,o,d,y, ,/, ,马,西,.,.,., ,"
", , , , , , , , , , , , , , , , , , , , , , , , , , , , ,2,0,1,1, ,/, ,美,国, ,/, ,剧,情,"
", , , , , , , , , , , , , , , , , , , , , , , , , ,6,1,1,4,4,8,人,评,价
海,豚,湾, ,"
", , , , , , , , , , , , , , , , , , , , , , , , , , , , ,导,演,:, ,路,易,·,西,霍,尤,斯, ,L,o,u,i,e, ,P,s,i,h,o,y,o,s, , , ,主,演,:, ,路,易,·,西,霍,尤,斯, ,L,o,u,i,e, ,P,s,i,h,o,y,o,.,.,., ,"
", , , , , , , , , , , , , , , , , , , , , , , , , , , , ,2,0,0,9, ,/, ,美,国, ,/, ,纪,录,片,"
", , , , , , , , , , , , , , , , , , , , , , , , , ,3,5,9,6,1,8,人,评,价
低,俗,小,说, ,"
", , , , , , , , , , , , , , , , , , , , , , , , , , , , ,导,演,:, ,昆,汀,·,塔,伦,蒂,诺, ,Q,u,e,n,t,i,n, ,T,a,r,a,n,t,i,n,o, , , ,主,演,:, ,约,翰,·,特,拉,沃,尔,塔, ,J,o,h,n, ,T,r,a,.,.,., ,"
", , , , , , , , , , , , , , , , , , , , , , , , , , , , ,1,9,9,4, ,/, ,美,国, ,/, ,剧,情, ,喜,剧, ,犯,罪,"
", , , , , , , , , , , , , , , , , , , , , , , , , ,8,4,2,6,3,9,人,评,价
春,光,乍,泄, ,"
", , , , , , , , , , , , , , , , , , , , , , , , , , , , ,导,演,:, ,王,家,卫, ,K,a,r, ,W,a,i, ,W,o,n,g, , , ,主,演,:, ,张,国,荣, ,L,e,s,l,i,e, ,C,h,e,u,n,g, ,/, ,梁,朝,伟, ,T,o,n,y, ,L,e,u,.,.,., ,"
", , , , , , , , , , , , , , , , , , , , , , , , , , , , ,1,9,9,7, ,/, ,中,国,香,港, ,日,本, ,韩,国, ,/, ,剧,情, ,爱,情, ,同,性,"
", , , , , , , , , , , , , , , , , , , , , , , , , ,6,3,9,0,5,3,人,评,价
摩,登,时,代, ,"
", , , , , , , , , , , , , , , , , , , , , , , , , , , , ,导,演,:, ,查,理,·,卓,别,林, ,C,h,a,r,l,e,s, ,C,h,a,p,l,i,n, , , ,主,演,:, ,查,理,·,卓,别,林, ,C,h,a,r,l,e,s, ,C,h,a,p,l,i,n, ,.,.,., ,"
", , , , , , , , , , , , , , , , , , , , , , , , , , , , ,1,9,3,6, ,/, ,美,国, ,/, ,剧,情, ,喜,剧, ,爱,情,"
", , , , , , , , , , , , , , , , , , , , , , , , , ,3,0,5,0,8,1,人,评,价
美,国,往,事, ,"
", , , , , , , , , , , , , , , , , , , , , , , , , , , , ,导,演,:, ,赛,尔,乔,·,莱,翁,内, ,S,e,r,g,i,o, ,L,e,o,n,e, , , ,主,演,:, ,罗,伯,特,·,德,尼,罗, ,R,o,b,e,r,t, ,D,e, ,N,i,r,o, ,.,.,., ,"
", , , , , , , , , , , , , , , , , , , , , , , , , , , , ,1,9,8,4, ,/, ,美,国, ,意,大,利, ,/, ,犯,罪, ,剧,情,"
", , , , , , , , , , , , , , , , , , , , , , , , , ,4,1,6,5,1,3,人,评,价
喜,剧,之,王, ,"
", , , , , , , , , , , , , , , , , , , , , , , , , , , , ,导,演,:, ,周,星,驰, ,S,t,e,p,h,e,n, ,C,h,o,w, ,/, ,李,力,持, ,L,i,k,-,C,h,i, ,L,e,e, , , ,主,演,:, ,周,星,驰, ,S,t,e,p,h,e,n, ,C,h,.,.,., ,"
", , , , , , , , , , , , , , , , , , , , , , , , , , , , ,1,9,9,9, ,/, ,中,国,香,港, ,/, ,喜,剧, ,剧,情, ,爱,情,"
", , , , , , , , , , , , , , , , , , , , , , , , , ,9,8,0,8,8,0,人,评,价
致,命,I,D, ,"
", , , , , , , , , , , , , , , , , , , , , , , , , , , , ,导,演,:, ,詹,姆,斯,·,曼,高,德, ,J,a,m,e,s, ,M,a,n,g,o,l,d, , , ,主,演,:, ,约,翰,·,库,萨,克, ,J,o,h,n, ,C,u,s,a,c,k, ,/, ,雷,.,.,., ,"
", , , , , , , , , , , , , , , , , , , , , , , , , , , , ,2,0,0,3, ,/, ,美,国, ,/, ,剧,情, ,悬,疑, ,惊,悚,"
", , , , , , , , , , , , , , , , , , , , , , , , , ,8,3,5,5,3,0,人,评,价
杀,人,回,忆, ,"
", , , , , , , , , , , , , , , , , , , , , , , , , , , , ,导,演,:, ,奉,俊,昊, ,J,o,o,n,-,h,o, ,B,o,n,g, , , ,主,演,:, ,宋,康,昊, ,K,a,n,g,-,h,o, ,S,o,n,g, ,/, ,金,相,庆, ,S,a,n,g,-,k,y,u,n,.,.,., ,"
", , , , , , , , , , , , , , , , , , , , , , , , , , , , ,2,0,0,3, ,/, ,韩,国, ,/, ,剧,情, ,动,作, ,犯,罪, ,悬,疑, ,惊,悚,"
", , , , , , , , , , , , , , , , , , , , , , , , , ,7,2,3,9,4,6,人,评,价
七,宗,罪, ,"
", , , , , , , , , , , , , , , , , , , , , , , , , , , , ,导,演,:, ,大,卫,·,芬,奇, ,D,a,v,i,d, ,F,i,n,c,h,e,r, , , ,主,演,:, ,摩,根,·,弗,里,曼, ,M,o,r,g,a,n, ,F,r,e,e,m,a,n, ,/, ,布,.,.,., ,"
", , , , , , , , , , , , , , , , , , , , , , , , , , , , ,1,9,9,5, ,/, ,美,国, ,/, ,剧,情, ,犯,罪, ,悬,疑, ,惊,悚,"
", , , , , , , , , , , , , , , , , , , , , , , , , ,9,5,1,2,9,1,人,评,价
红,辣,椒, ,"
", , , , , , , , , , , , , , , , , , , , , , , , , , , , ,导,演,:, ,今,敏, ,S,a,t,o,s,h,i, ,K,o,n, , , ,主,演,:, ,林,原,惠,美, ,M,e,g,u,m,i, ,H,a,y,a,s,h,i,b,a,r,a, ,/, ,江,守,彻, ,T,o,r,u,.,.,., ,"
", , , , , , , , , , , , , , , , , , , , , , , , , , , , ,2,0,0,6, ,/, ,日,本, ,/, ,动,画, ,悬,疑, ,科,幻, ,惊,悚,"
", , , , , , , , , , , , , , , , , , , , , , , , , ,4,7,1,8,0,2,人,评,价
加,勒,比,海,盗, ,"
", , , , , , , , , , , , , , , , , , , , , , , , , , , , ,导,演,:, ,戈,尔,·,维,宾,斯,基, ,G,o,r,e, ,V,e,r,b,i,n,s,k,i, , , ,主,演,:, ,约,翰,尼,·,德,普, ,J,o,h,n,n,y, ,D,e,p,p, ,/, ,.,.,., ,"
", , , , , , , , , , , , , , , , , , , , , , , , , , , , ,2,0,0,3, ,/, ,美,国, ,/, ,动,作, ,冒,险, ,奇,幻,"
", , , , , , , , , , , , , , , , , , , , , , , , , ,8,6,8,6,4,9,人,评,价
哈,利,·,波,特,与,密,室, ,"
", , , , , , , , , , , , , , , , , , , , , , , , , , , , ,导,演,:, ,C,h,r,i,s, ,C,o,l,u,m,b,u,s, , , ,主,演,:, ,丹,尼,尔,·,雷,德,克,里,夫, ,D,a,n,i,e,l, ,R,a,d,c,l,i,f,f,e, ,/, ,艾,玛,.,.,., ,"
", , , , , , , , , , , , , , , , , , , , , , , , , , , , ,2,0,0,2, ,/, ,英,国, ,美,国, ,/, ,奇,幻, ,冒,险,"
", , , , , , , , , , , , , , , , , , , , , , , , , ,7,6,9,8,7,2,人,评,价
一,一, ,"
", , , , , , , , , , , , , , , , , , , , , , , , , , , , ,导,演,:, ,杨,德,昌, ,E,d,w,a,r,d, ,Y,a,n,g, , , ,主,演,:, ,吴,念,真, ,/, ,李,凯,莉, ,K,e,l,l,y, ,L,e,e, ,/, ,金,燕,玲, ,E,l,a,i,.,.,., ,"
", , , , , , , , , , , , , , , , , , , , , , , , , , , , ,2,0,0,0, ,/, ,中,国,台,湾, ,日,本, ,/, ,剧,情, ,爱,情, ,家,庭,"
", , , , , , , , , , , , , , , , , , , , , , , , , ,4,0,0,6,8,3,人,评,价
狩,猎, ,"
", , , , , , , , , , , , , , , , , , , , , , , , , , , , ,导,演,:, ,托,马,斯,·,温,特,伯,格, ,T,h,o,m,a,s, ,V,i,n,t,e,r,b,e,r,g, , , ,主,演,:, ,麦,斯,·,米,科,尔,森, ,M,a,d,s, ,M,i,k,.,.,., ,"
", , , , , , , , , , , , , , , , , , , , , , , , , , , , ,2,0,1,2, ,/, ,丹,麦, ,瑞,典, ,/, ,剧,情,"
", , , , , , , , , , , , , , , , , , , , , , , , , ,3,9,7,1,6,9,人,评,价
唐,伯,虎,点,秋,香, ,"
", , , , , , , , , , , , , , , , , , , , , , , , , , , , ,导,演,:, ,李,力,持, ,L,i,k,-,C,h,i, ,L,e,e, , , ,主,演,:, ,周,星,驰, ,S,t,e,p,h,e,n, ,C,h,o,w, ,/, ,巩,俐, ,L,i, ,G,o,n,g, ,/, ,陈,.,.,., ,"
", , , , , , , , , , , , , , , , , , , , , , , , , , , , ,1,9,9,3, ,/, ,中,国,香,港, ,/, ,喜,剧, ,爱,情, ,古,装,"
", , , , , , , , , , , , , , , , , , , , , , , , , ,1,0,9,2,3,5,8,人,评,价
7,号,房,的,礼,物, ,"
", , , , , , , , , , , , , , , , , , , , , , , , , , , , ,导,演,:, ,李,焕,庆, ,H,w,a,n,-,k,y,e,o,n,g, ,L,e,e, , , ,主,演,:, ,柳,承,龙, ,S,e,u,n,g,-,y,o,n,g, ,R,y,o,o, ,/, ,朴,信,惠, ,S,h,i,.,.,., ,"
", , , , , , , , , , , , , , , , , , , , , , , , , , , , ,2,0,1,3, ,/, ,韩,国, ,/, ,剧,情, ,喜,剧, ,家,庭,"
", , , , , , , , , , , , , , , , , , , , , , , , , ,5,6,3,1,6,5,人,评,价
被,嫌,弃,的,松,子,的,一,生, ,"
", , , , , , , , , , , , , , , , , , , , , , , , , , , , ,导,演,:, ,中,岛,哲,也, ,T,e,t,s,u,y,a, ,N,a,k,a,s,h,i,m,a, , , ,主,演,:, ,中,谷,美,纪, ,M,i,k,i, ,N,a,k,a,t,a,n,i, ,/, ,瑛,太, ,E,.,.,., ,"
", , , , , , , , , , , , , , , , , , , , , , , , , , , , ,2,0,0,6, ,/, ,日,本, ,/, ,剧,情, ,歌,舞,"
", , , , , , , , , , , , , , , , , , , , , , , , , ,7,0,9,6,3,8,人,评,价
请,以,你,的,名,字,呼,唤,我, ,"
", , , , , , , , , , , , , , , , , , , , , , , , , , , , ,导,演,:, ,卢,卡,·,瓜,达,尼,诺, ,L,u,c,a, ,G,u,a,d,a,g,n,i,n,o, , , ,主,演,:, ,艾,米,·,汉,莫, ,A,r,m,i,e, ,H,a,m,m,e,r, ,/, ,.,.,., ,"
", , , , , , , , , , , , , , , , , , , , , , , , , , , , ,2,0,1,7, ,/, ,意,大,利, ,法,国, ,巴,西, ,美,国, ,/, ,剧,情, ,爱,情, ,同,性,"
", , , , , , , , , , , , , , , , , , , , , , , , , ,7,3,0,7,9,1,人,评,价
蝙,蝠,侠,：,黑,暗,骑,士,崛,起, ,"
", , , , , , , , , , , , , , , , , , , , , , , , , , , , ,导,演,:, ,克,里,斯,托,弗,·,诺,兰, ,C,h,r,i,s,t,o,p,h,e,r, ,N,o,l,a,n, , , ,主,演,:, ,克,里,斯,蒂,安,·,贝,尔, ,C,h,r,i,s,t,.,.,., ,"
", , , , , , , , , , , , , , , , , , , , , , , , , , , , ,2,0,1,2, ,/, ,美,国, ,英,国, ,/, ,剧,情, ,动,作, ,科,幻, ,犯,罪, ,惊,悚,"
", , , , , , , , , , , , , , , , , , , , , , , , , ,7,3,1,1,6,2,人,评,价
断,背,山, ,"
", , , , , , , , , , , , , , , , , , , , , , , , , , , , ,导,演,:, ,李,安, ,A,n,g, ,L,e,e, , , ,主,演,:, ,希,斯,·,莱,杰, ,H,e,a,t,h, ,L,e,d,g,e,r, ,/, ,杰,克,·,吉,伦,哈,尔, ,J,a,k,e,.,.,., ,"
", , , , , , , , , , , , , , , , , , , , , , , , , , , , ,2,0,0,5, ,/, ,美,国, ,加,拿,大, ,/, ,剧,情, ,爱,情, ,同,性, ,家,庭,"
", , , , , , , , , , , , , , , , , , , , , , , , , ,7,1,2,8,8,1,人,评,价
剪,刀,手,爱,德,华, ,"
", , , , , , , , , , , , , , , , , , , , , , , , , , , , ,导,演,:, ,蒂,姆,·,波,顿, ,T,i,m, ,B,u,r,t,o,n, , , ,主,演,:, ,约,翰,尼,·,德,普, ,J,o,h,n,n,y, ,D,e,p,p, ,/, ,薇,诺,娜,·,.,.,., ,"
", , , , , , , , , , , , , , , , , , , , , , , , , , , , ,1,9,9,0, ,/, ,美,国, ,/, ,剧,情, ,奇,幻, ,爱,情,"
", , , , , , , , , , , , , , , , , , , , , , , , , ,1,0,4,2,7,5,7,人,评,价
爱,在,黎,明,破,晓,前, ,"
", , , , , , , , , , , , , , , , , , , , , , , , , , , , ,导,演,:, ,理,查,德,·,林,克,莱,特, ,R,i,c,h,a,r,d, ,L,i,n,k,l,a,t,e,r, , , ,主,演,:, ,伊,桑,·,霍,克, ,E,t,h,a,n, ,H,a,w,k,e, ,.,.,., ,"
", , , , , , , , , , , , , , , , , , , , , , , , , , , , ,1,9,9,5, ,/, ,美,国, ,奥,地,利, ,瑞,士, ,/, ,剧,情, ,爱,情,"
", , , , , , , , , , , , , , , , , , , , , , , , , ,6,9,2,6,0,3,人,评,价
入,殓,师, ,"
", , , , , , , , , , , , , , , , , , , , , , , , , , , , ,导,演,:, ,泷,田,洋,二,郎, ,Y,ô,j,i,r,ô, ,T,a,k,i,t,a, , , ,主,演,:, ,本,木,雅,弘, ,M,a,s,a,h,i,r,o, ,M,o,t,o,k,i, ,/, ,.,.,., ,"
", , , , , , , , , , , , , , , , , , , , , , , , , , , , ,2,0,0,8, ,/, ,日,本, ,/, ,剧,情,"
", , , , , , , , , , , , , , , , , , , , , , , , , ,6,7,4,1,9,0,人,评,价
第,六,感, ,"
", , , , , , , , , , , , , , , , , , , , , , , , , , , , ,导,演,:, ,M,·,奈,特,·,沙,马,兰, ,M,., ,N,i,g,h,t, ,S,h,y,a,m,a,l,a,n, , , ,主,演,:, ,布,鲁,斯,·,威,利,斯, ,B,r,u,c,e, ,W,i,.,.,., ,"
", , , , , , , , , , , , , , , , , , , , , , , , , , , , ,1,9,9,9, ,/, ,美,国, ,/, ,剧,情, ,悬,疑, ,惊,悚,"
", , , , , , , , , , , , , , , , , , , , , , , , , ,5,6,2,1,8,9,人,评,价
勇,敢,的,心, ,"
", , , , , , , , , , , , , , , , , , , , , , , , , , , , ,导,演,:, ,梅,尔,·,吉,布,森, ,M,e,l, ,G,i,b,s,o,n, , , ,主,演,:, ,梅,尔,·,吉,布,森, ,M,e,l, ,G,i,b,s,o,n, ,/, ,苏,菲,·,玛,.,.,., ,"
", , , , , , , , , , , , , , , , , , , , , , , , , , , , ,1,9,9,5, ,/, ,美,国, ,/, ,动,作, ,传,记, ,剧,情, ,历,史, ,战,争,"
", , , , , , , , , , , , , , , , , , , , , , , , , ,5,6,2,4,9,7,人,评,价
重,庆,森,林, ,"
", , , , , , , , , , , , , , , , , , , , , , , , , , , , ,导,演,:, ,王,家,卫, ,K,a,r, ,W,a,i, ,W,o,n,g, , , ,主,演,:, ,林,青,霞, ,B,r,i,g,i,t,t,e, ,L,i,n, ,/, ,金,城,武, ,T,a,k,e,s,h,i, ,K,.,.,., ,"
", , , , , , , , , , , , , , , , , , , , , , , , , , , , ,1,9,9,4, ,/, ,中,国,香,港, ,/, ,剧,情, ,爱,情,"
", , , , , , , , , , , , , , , , , , , , , , , , , ,8,2,0,1,1,9,人,评,价
超,能,陆,战,队, ,"
", , , , , , , , , , , , , , , , , , , , , , , , , , , , ,导,演,:, ,唐,·,霍,尔, ,D,o,n, ,H,a,l,l, ,/, ,克,里,斯,·,威,廉,姆,斯, ,C,h,r,i,s, ,W,i,l,l,i,a,m,s, , , ,主,演,:, ,斯,科,特,.,.,., ,"
", , , , , , , , , , , , , , , , , , , , , , , , , , , , ,2,0,1,4, ,/, ,美,国, ,/, ,喜,剧, ,动,作, ,科,幻, ,动,画, ,冒,险,"
", , , , , , , , , , , , , , , , , , , , , , , , , ,1,0,2,5,8,4,9,人,评,价
幽,灵,公,主, ,"
", , , , , , , , , , , , , , , , , , , , , , , , , , , , ,导,演,:, ,宫,崎,骏, ,H,a,y,a,o, ,M,i,y,a,z,a,k,i, , , ,主,演,:, ,松,田,洋,治, ,Y,ô,j,i, ,M,a,t,s,u,d,a, ,/, ,石,田,百,合,.,.,., ,"
", , , , , , , , , , , , , , , , , , , , , , , , , , , , ,1,9,9,7, ,/, ,日,本, ,/, ,动,画, ,奇,幻, ,冒,险,"
", , , , , , , , , , , , , , , , , , , , , , , , , ,5,2,9,6,1,2,人,评,价
甜,蜜,蜜, ,"
", , , , , , , , , , , , , , , , , , , , , , , , , , , , ,导,演,:, ,陈,可,辛, ,P,e,t,e,r, ,C,h,a,n, , , ,主,演,:, ,黎,明, ,L,e,o,n, ,L,a,i, ,/, ,张,曼,玉, ,M,a,g,g,i,e, ,C,h,e,u,n,g, ,/, ,.,.,., ,"
", , , , , , , , , , , , , , , , , , , , , , , , , , , , ,1,9,9,6, ,/, ,中,国,香,港, ,/, ,剧,情, ,爱,情,"
", , , , , , , , , , , , , , , , , , , , , , , , , ,5,6,2,5,9,2,人,评,价
爱,在,日,落,黄,昏,时, ,"
", , , , , , , , , , , , , , , , , , , , , , , , , , , , ,导,演,:, ,理,查,德,·,林,克,莱,特, ,R,i,c,h,a,r,d, ,L,i,n,k,l,a,t,e,r, , , ,主,演,:, ,伊,桑,·,霍,克, ,E,t,h,a,n, ,H,a,w,k,e, ,.,.,., ,"
", , , , , , , , , , , , , , , , , , , , , , , , , , , , ,2,0,0,4, ,/, ,美,国, ,法,国, ,/, ,剧,情, ,爱,情,"
", , , , , , , , , , , , , , , , , , , , , , , , , ,5,6,8,9,3,0,人,评,价
菊,次,郎,的,夏,天, ,"
", , , , , , , , , , , , , , , , , , , , , , , , , , , , ,导,演,:, ,北,野,武, ,T,a,k,e,s,h,i, ,K,i,t,a,n,o, , , ,主,演,:, ,北,野,武, ,T,a,k,e,s,h,i, ,K,i,t,a,n,o, ,/, ,关,口,雄,介, ,Y,u,s,.,.,., ,"
", , , , , , , , , , , , , , , , , , , , , , , , , , , , ,1,9,9,9, ,/, ,日,本, ,/, ,剧,情, ,喜,剧,"
", , , , , , , , , , , , , , , , , , , , , , , , , ,6,0,2,6,3,1,人,评,价
借,东,西,的,小,人,阿,莉,埃,蒂, ,"
", , , , , , , , , , , , , , , , , , , , , , , , , , , , ,导,演,:, ,米,林,宏,昌, ,H,i,r,o,m,a,s,a, ,Y,o,n,e,b,a,y,a,s,h,i, , , ,主,演,:, ,志,田,未,来, ,M,i,r,a,i, ,S,h,i,d,a, ,/, ,神,木,.,.,., ,"
", , , , , , , , , , , , , , , , , , , , , , , , , , , , ,2,0,1,0, ,/, ,日,本, ,/, ,动,画, ,奇,幻, ,冒,险,"
", , , , , , , , , , , , , , , , , , , , , , , , , ,5,6,0,0,4,2,人,评,价
消,失,的,爱,人, ,"
", , , , , , , , , , , , , , , , , , , , , , , , , , , , ,导,演,:, ,大,卫,·,芬,奇, ,D,a,v,i,d, ,F,i,n,c,h,e,r, , , ,主,演,:, ,本,·,阿,弗,莱,克, ,B,e,n, ,A,f,f,l,e,c,k, ,/, ,罗,莎,蒙,.,.,., ,"
", , , , , , , , , , , , , , , , , , , , , , , , , , , , ,2,0,1,4, ,/, ,美,国, ,/, ,剧,情, ,犯,罪, ,悬,疑, ,惊,悚,"
", , , , , , , , , , , , , , , , , , , , , , , , , ,9,6,5,1,5,4,人,评,价
天,使,爱,美,丽, ,"
", , , , , , , , , , , , , , , , , , , , , , , , , , , , ,导,演,:, ,让,-,皮,埃,尔,·,热,内, ,J,e,a,n,-,P,i,e,r,r,e, ,J,e,u,n,e,t, , , ,主,演,:, ,奥,黛,丽,·,塔,图, ,A,u,d,r,e,y, ,T,a,u,.,.,., ,"
", , , , , , , , , , , , , , , , , , , , , , , , , , , , ,2,0,0,1, ,/, ,法,国, ,德,国, ,/, ,剧,情, ,喜,剧, ,爱,情,"
", , , , , , , , , , , , , , , , , , , , , , , , , ,9,6,0,1,9,9,人,评,价
阳,光,灿,烂,的,日,子, ,"
", , , , , , , , , , , , , , , , , , , , , , , , , , , , ,导,演,:, ,姜,文, ,W,e,n, ,J,i,a,n,g, , , ,主,演,:, ,夏,雨, ,Y,u, ,X,i,a, ,/, ,宁,静, ,J,i,n,g, ,N,i,n,g, ,/, ,陶,虹, ,H,o,n,g, ,T,a,o, ,"
", , , , , , , , , , , , , , , , , , , , , , , , , , , , ,1,9,9,4, ,/, ,中,国,大,陆, ,中,国,香,港, ,/, ,剧,情, ,爱,情,"
", , , , , , , , , , , , , , , , , , , , , , , , , ,6,2,0,3,5,2,人,评,价
完,美,的,世,界, ,"
", , , , , , , , , , , , , , , , , , , , , , , , , , , , ,导,演,:, ,克,林,特,·,伊,斯,特,伍,德, ,C,l,i,n,t, ,E,a,s,t,w,o,o,d, , , ,主,演,:, ,凯,文,·,科,斯,特,纳, ,K,e,v,i,n, ,C,o,s,.,.,., ,"
", , , , , , , , , , , , , , , , , , , , , , , , , , , , ,1,9,9,3, ,/, ,美,国, ,/, ,剧,情, ,犯,罪,"
", , , , , , , , , , , , , , , , , , , , , , , , , ,3,1,8,7,6,2,人,评,价
小,森,林, ,夏,秋,篇, ,"
", , , , , , , , , , , , , , , , , , , , , , , , , , , , ,导,演,:, ,森,淳,一, ,J,u,n,i,c,h,i, ,M,o,r,i, , , ,主,演,:, ,桥,本,爱, ,A,i, ,H,a,s,h,i,m,o,t,o, ,/, ,三,浦,贵,大, ,T,a,k,a,h,i,r,.,.,., ,"
", , , , , , , , , , , , , , , , , , , , , , , , , , , , ,2,0,1,4, ,/, ,日,本, ,/, ,剧,情,"
", , , , , , , , , , , , , , , , , , , , , , , , , ,4,3,0,0,1,2,人,评,价
寄,生,虫, ,"
", , , , , , , , , , , , , , , , , , , , , , , , , , , , ,导,演,:, ,奉,俊,昊, ,J,o,o,n,-,h,o, ,B,o,n,g, , , ,主,演,:, ,宋,康,昊, ,K,a,n,g,-,h,o, ,S,o,n,g, ,/, ,李,善,均, ,S,e,o,n,-,g,y,u,n,.,.,., ,"
", , , , , , , , , , , , , , , , , , , , , , , , , , , , ,2,0,1,9, ,/, ,韩,国, ,/, ,剧,情,"
", , , , , , , , , , , , , , , , , , , , , , , , , ,1,3,8,4,2,2,8,人,评,价
无,人,知,晓, ,"
", , , , , , , , , , , , , , , , , , , , , , , , , , , , ,导,演,:, ,是,枝,裕,和, ,H,i,r,o,k,a,z,u, ,K,o,r,e,e,d,a, , , ,主,演,:, ,柳,乐,优,弥, ,Y,û,y,a, ,Y,a,g,i,r,a, ,/, ,北,浦,爱,.,.,., ,"
", , , , , , , , , , , , , , , , , , , , , , , , , , , , ,2,0,0,4, ,/, ,日,本, ,/, ,剧,情,"
", , , , , , , , , , , , , , , , , , , , , , , , , ,3,2,2,8,7,1,人,评,价
倩,女,幽,魂, ,"
", , , , , , , , , , , , , , , , , , , , , , , , , , , , ,导,演,:, ,程,小,东, ,S,i,u,-,T,u,n,g, ,C,h,i,n,g, , , ,主,演,:, ,张,国,荣, ,L,e,s,l,i,e, ,C,h,e,u,n,g, ,/, ,王,祖,贤, ,J,o,e,y, ,W,.,.,., ,"
", , , , , , , , , , , , , , , , , , , , , , , , , , , , ,1,9,8,7, ,/, ,中,国,香,港, ,/, ,爱,情, ,奇,幻, ,武,侠, ,古,装,"
", , , , , , , , , , , , , , , , , , , , , , , , , ,7,4,5,2,8,8,人,评,价
时,空,恋,旅,人, ,"
", , , , , , , , , , , , , , , , , , , , , , , , , , , , ,导,演,:, ,理,查,德,·,柯,蒂,斯, ,R,i,c,h,a,r,d, ,C,u,r,t,i,s, , , ,主,演,:, ,多,姆,纳,尔,·,格,里,森, ,D,o,m,h,n,a,l,l, ,G,l,.,.,., ,"
", , , , , , , , , , , , , , , , , , , , , , , , , , , , ,2,0,1,3, ,/, ,英,国, ,/, ,喜,剧, ,爱,情, ,奇,幻,"
", , , , , , , , , , , , , , , , , , , , , , , , , ,6,8,2,8,9,5,人,评,价
侧,耳,倾,听, ,"
", , , , , , , , , , , , , , , , , , , , , , , , , , , , ,导,演,:, ,近,藤,喜,文, ,Y,o,s,h,i,f,u,m,i, ,K,o,n,d,o, , , ,主,演,:, ,本,名,阳,子, ,Y,o,u,k,o, ,H,o,n,n,a, ,/, ,小,林,桂,树, ,K,.,.,., ,"
", , , , , , , , , , , , , , , , , , , , , , , , , , , , ,1,9,9,5, ,/, ,日,本, ,/, ,剧,情, ,爱,情, ,动,画,"
", , , , , , , , , , , , , , , , , , , , , , , , , ,4,6,7,9,3,9,人,评,价
幸,福,终,点,站, ,"
", , , , , , , , , , , , , , , , , , , , , , , , , , , , ,导,演,:, ,史,蒂,文,·,斯,皮,尔,伯,格, ,S,t,e,v,e,n, ,S,p,i,e,l,b,e,r,g, , , ,主,演,:, ,汤,姆,·,汉,克,斯, ,T,o,m, ,H,a,n,k,s,.,.,., ,"
", , , , , , , , , , , , , , , , , , , , , , , , , , , , ,2,0,0,4, ,/, ,美,国, ,/, ,喜,剧, ,剧,情, ,爱,情,"
", , , , , , , , , , , , , , , , , , , , , , , , , ,5,7,7,5,5,5,人,评,价
小,森,林, ,冬,春,篇, ,"
", , , , , , , , , , , , , , , , , , , , , , , , , , , , ,导,演,:, ,森,淳,一, ,J,u,n,i,c,h,i, ,M,o,r,i, , , ,主,演,:, ,桥,本,爱, ,A,i, ,H,a,s,h,i,m,o,t,o, ,/, ,三,浦,贵,大, ,T,a,k,a,h,i,r,.,.,., ,"
", , , , , , , , , , , , , , , , , , , , , , , , , , , , ,2,0,1,5, ,/, ,日,本, ,/, ,剧,情,"
", , , , , , , , , , , , , , , , , , , , , , , , , ,3,8,2,8,2,0,人,评,价
驯,龙,高,手, ,"
", , , , , , , , , , , , , , , , , , , , , , , , , , , , ,导,演,:, ,迪,恩,·,德,布,洛,斯, ,D,e,a,n, ,D,e,B,l,o,i,s, ,/, ,克,里,斯,·,桑,德,斯, ,C,h,r,i,s, ,S,a,n,d,e,r,s, , , ,主,演,:,.,.,., ,"
", , , , , , , , , , , , , , , , , , , , , , , , , , , , ,2,0,1,0, ,/, ,美,国, ,/, ,动,画, ,奇,幻, ,冒,险,"
", , , , , , , , , , , , , , , , , , , , , , , , , ,7,6,3,4,7,3,人,评,价
未,麻,的,部,屋, ,"
", , , , , , , , , , , , , , , , , , , , , , , , , , , , ,导,演,:, ,今,敏, ,S,a,t,o,s,h,i, ,K,o,n, , , ,主,演,:, ,岩,男,润,子, ,J,u,n,k,o, ,I,w,a,o, ,/, ,松,本,梨,香, ,R,i,c,a, ,M,a,t,s,u,.,.,., ,"
", , , , , , , , , , , , , , , , , , , , , , , , , , , , ,1,9,9,7, ,/, ,日,本, ,/, ,动,画, ,奇,幻, ,惊,悚,"
", , , , , , , , , , , , , , , , , , , , , , , , , ,3,3,9,4,0,2,人,评,价
哈,利,·,波,特,与,火,焰,杯, ,"
", , , , , , , , , , , , , , , , , , , , , , , , , , , , ,导,演,:, ,迈,克,·,内,威,尔, ,M,i,k,e, ,N,e,w,e,l,l, , , ,主,演,:, ,丹,尼,尔,·,雷,德,克,里,夫, ,D,a,n,i,e,l, ,R,a,d,c,l,i,f,.,.,., ,"
", , , , , , , , , , , , , , , , , , , , , , , , , , , , ,2,0,0,5, ,/, ,英,国, ,美,国, ,/, ,悬,疑, ,奇,幻, ,冒,险,"
", , , , , , , , , , , , , , , , , , , , , , , , , ,6,7,1,5,9,7,人,评,价
一,个,叫,欧,维,的,男,人,决,定,去,死, ,"
", , , , , , , , , , , , , , , , , , , , , , , , , , , , ,导,演,:, ,汉,内,斯,·,赫,尔,姆, ,H,a,n,n,e,s, ,H,o,l,m, , , ,主,演,:, ,罗,夫,·,拉,斯,加,德, ,R,o,l,f, ,L,a,s,s,g,å,r,d,.,.,., ,"
", , , , , , , , , , , , , , , , , , , , , , , , , , , , ,2,0,1,5, ,/, ,瑞,典, ,/, ,剧,情,"
", , , , , , , , , , , , , , , , , , , , , , , , , ,4,9,0,0,2,6,人,评,价
教,父,3, ,"
", , , , , , , , , , , , , , , , , , , , , , , , , , , , ,导,演,:, ,弗,朗,西,斯,·,福,特,·,科,波,拉, ,F,r,a,n,c,i,s, ,F,o,r,d, ,C,o,p,p,o,l,a, , , ,主,演,:, ,阿,尔,·,帕,西,诺, ,A,.,.,., ,"
", , , , , , , , , , , , , , , , , , , , , , , , , , , , ,1,9,9,0, ,/, ,美,国, ,/, ,剧,情, ,犯,罪,"
", , , , , , , , , , , , , , , , , , , , , , , , , ,3,7,9,1,5,1,人,评,价
怪,兽,电,力,公,司, ,"
", , , , , , , , , , , , , , , , , , , , , , , , , , , , ,导,演,:, ,彼,特,·,道,格,特, ,P,e,t,e, ,D,o,c,t,e,r, ,/, ,大,卫,·,斯,沃,曼, ,D,a,v,i,d, ,S,i,l,v,e,r,m,a,n, , , ,主,演,:, ,约,.,.,., ,"
", , , , , , , , , , , , , , , , , , , , , , , , , , , , ,2,0,0,1, ,/, ,美,国, ,/, ,儿,童, ,喜,剧, ,动,画, ,奇,幻, ,冒,险,"
", , , , , , , , , , , , , , , , , , , , , , , , , ,6,8,0,7,4,9,人,评,价
萤,火,之,森, ,"
", , , , , , , , , , , , , , , , , , , , , , , , , , , , ,导,演,:, ,大,森,贵,弘, ,T,a,k,a,h,i,r,o, ,O,m,o,r,i, , , ,主,演,:, ,佐,仓,绫,音, ,A,y,a,n,e, ,S,a,k,u,r,a, ,/, ,内,山,昂,辉, ,K,.,.,., ,"
", , , , , , , , , , , , , , , , , , , , , , , , , , , , ,2,0,1,1, ,/, ,日,本, ,/, ,剧,情, ,爱,情, ,动,画, ,奇,幻,"
", , , , , , , , , , , , , , , , , , , , , , , , , ,5,4,5,8,9,2,人,评,价
傲,慢,与,偏,见, ,"
", , , , , , , , , , , , , , , , , , , , , , , , , , , , ,导,演,:, ,乔,·,怀,特, ,J,o,e, ,W,r,i,g,h,t, , , ,主,演,:, ,凯,拉,·,奈,特,莉, ,K,e,i,r,a, ,K,n,i,g,h,t,l,e,y, ,/, ,马,修,·,.,.,., ,"
", , , , , , , , , , , , , , , , , , , , , , , , , , , , ,2,0,0,5, ,/, ,法,国, ,英,国, ,美,国, ,/, ,剧,情, ,爱,情,"
", , , , , , , , , , , , , , , , , , , , , , , , , ,8,1,0,4,4,0,人,评,价
玩,具,总,动,员,3, ,"
", , , , , , , , , , , , , , , , , , , , , , , , , , , , ,导,演,:, ,李,·,昂,克,里,奇, ,L,e,e, ,U,n,k,r,i,c,h, , , ,主,演,:, ,汤,姆,·,汉,克,斯, ,T,o,m, ,H,a,n,k,s, ,/, ,蒂,姆,·,艾,.,.,., ,"
", , , , , , , , , , , , , , , , , , , , , , , , , , , , ,2,0,1,0, ,/, ,美,国, ,/, ,喜,剧, ,动,画, ,奇,幻, ,冒,险,"
", , , , , , , , , , , , , , , , , , , , , , , , , ,5,2,4,1,1,3,人,评,价
新,世,界, ,"
", , , , , , , , , , , , , , , , , , , , , , , , , , , , ,导,演,:, ,朴,勋,政, ,H,o,o,n,-,j,u,n,g, ,P,a,r,k, , , ,主,演,:, ,李,政,宰, ,J,u,n,g,-,J,a,e, ,L,e,e, ,/, ,崔,岷,植, ,M,i,n,-,s,i,k,.,.,., ,"
", , , , , , , , , , , , , , , , , , , , , , , , , , , , ,2,0,1,3, ,/, ,韩,国, ,/, ,剧,情, ,犯,罪,"
", , , , , , , , , , , , , , , , , , , , , , , , , ,4,4,3,0,8,2,人,评,价
釜,山,行, ,"
", , , , , , , , , , , , , , , , , , , , , , , , , , , , ,导,演,:, ,延,尚,昊, ,S,a,n,g,-,h,o, ,Y,e,o,n, , , ,主,演,:, ,孔,侑, ,Y,o,o, ,G,o,n,g, ,/, ,郑,有,美, ,Y,u,-,m,i, ,J,u,n,g, ,/, ,马,.,.,., ,"
", , , , , , , , , , , , , , , , , , , , , , , , , , , , ,2,0,1,6, ,/, ,韩,国, ,/, ,动,作, ,惊,悚, ,灾,难,"
", , , , , , , , , , , , , , , , , , , , , , , , , ,1,2,1,1,8,6,7,人,评,价
被,解,救,的,姜,戈, ,"
", , , , , , , , , , , , , , , , , , , , , , , , , , , , ,导,演,:, ,昆,汀,·,塔,伦,蒂,诺, ,Q,u,e,n,t,i,n, ,T,a,r,a,n,t,i,n,o, , , ,主,演,:, ,杰,米,·,福,克,斯, ,J,a,m,i,e, ,F,o,x,x, ,/,.,.,., ,"
", , , , , , , , , , , , , , , , , , , , , , , , , , , , ,2,0,1,2, ,/, ,美,国, ,/, ,剧,情, ,动,作, ,西,部, ,冒,险,"
", , , , , , , , , , , , , , , , , , , , , , , , , ,6,1,5,6,1,0,人,评,价
神,偷,奶,爸, ,"
", , , , , , , , , , , , , , , , , , , , , , , , , , , , ,导,演,:, ,皮,艾,尔,·,柯,芬, ,P,i,e,r,r,e, ,C,o,f,f,i,n, ,/, ,克,里,斯,·,雷,纳,德, ,C,h,r,i,s, ,R,e,n,a,u,d, , , ,主,演,:, ,.,.,., ,"
", , , , , , , , , , , , , , , , , , , , , , , , , , , , ,2,0,1,0, ,/, ,美,国, ,法,国, ,/, ,喜,剧, ,动,画, ,冒,险,"
", , , , , , , , , , , , , , , , , , , , , , , , , ,9,5,6,4,0,3,人,评,价
玛,丽,和,马,克,思, ,"
", , , , , , , , , , , , , , , , , , , , , , , , , , , , ,导,演,:, ,亚,当,·,艾,略,特, ,A,d,a,m, ,E,l,l,i,o,t, , , ,主,演,:, ,托,妮,·,科,莱,特, ,T,o,n,i, ,C,o,l,l,e,t,t,e, ,/, ,菲,利,.,.,., ,"
", , , , , , , , , , , , , , , , , , , , , , , , , , , , ,2,0,0,9, ,/, ,澳,大,利,亚, ,美,国, ,/, ,剧,情, ,喜,剧, ,动,画,"
", , , , , , , , , , , , , , , , , , , , , , , , , ,4,2,4,3,6,2,人,评,价
告,白, ,"
", , , , , , , , , , , , , , , , , , , , , , , , , , , , ,导,演,:, ,中,岛,哲,也, ,T,e,t,s,u,y,a, ,N,a,k,a,s,h,i,m,a, , , ,主,演,:, ,松,隆,子, ,T,a,k,a,k,o, ,M,a,t,s,u, ,/, ,冈,田,将,生, ,.,.,., ,"
", , , , , , , , , , , , , , , , , , , , , , , , , , , , ,2,0,1,0, ,/, ,日,本, ,/, ,剧,情, ,悬,疑,"
", , , , , , , , , , , , , , , , , , , , , , , , , ,6,7,7,1,5,0,人,评,价
茶,馆, ,"
", , , , , , , , , , , , , , , , , , , , , , , , , , , , ,导,演,:, ,谢,添, ,T,i,a,n, ,X,i,e, , , ,主,演,:, ,于,是,之, ,S,h,i,z,h,i, ,Y,u, ,/, ,郑,榕, ,R,o,n,g, ,Z,h,e,n, ,/, ,蓝,天,野, ,T,.,.,., ,"
", , , , , , , , , , , , , , , , , , , , , , , , , , , , ,1,9,8,2,(,中,国,大,陆,), ,/, ,中,国,大,陆, ,/, ,剧,情, ,历,史,"
", , , , , , , , , , , , , , , , , , , , , , , , , ,1,5,0,9,1,1,人,评,价
哪,吒,闹,海, ,"
", , , , , , , , , , , , , , , , , , , , , , , , , , , , ,导,演,:, ,王,树,忱, ,S,h,u,c,h,e,n, ,W,a,n,g, ,/, ,严,定,宪, ,D,i,n,g,x,i,a,n, ,Y,a,n, , , ,主,演,:, ,梁,正,晖, ,Z,h,e,n,g,h,u,i, ,.,.,., ,"
", , , , , , , , , , , , , , , , , , , , , , , , , , , , ,1,9,7,9, ,/, ,中,国,大,陆, ,/, ,冒,险, ,动,画, ,奇,幻,"
", , , , , , , , , , , , , , , , , , , , , , , , , ,2,6,3,0,8,6,人,评,价
大,鱼, ,"
", , , , , , , , , , , , , , , , , , , , , , , , , , , , ,导,演,:, ,蒂,姆,·,波,顿, ,T,i,m, ,B,u,r,t,o,n, , , ,主,演,:, ,伊,万,·,麦,克,格,雷,格, ,E,w,a,n, ,M,c,G,r,e,g,o,r, ,/, ,阿,.,.,., ,"
", , , , , , , , , , , , , , , , , , , , , , , , , , , , ,2,0,0,3, ,/, ,美,国, ,/, ,剧,情, ,家,庭, ,奇,幻, ,冒,险,"
", , , , , , , , , , , , , , , , , , , , , , , , , ,5,7,3,2,0,3,人,评,价
九,品,芝,麻,官, ,"
", , , , , , , , , , , , , , , , , , , , , , , , , , , , ,导,演,:, ,王,晶, ,J,i,n,g, ,W,o,n,g, , , ,主,演,:, ,周,星,驰, ,S,t,e,p,h,e,n, ,C,h,o,w, ,/, ,吴,孟,达, ,M,a,n, ,T,a,t, ,N,g, ,/, ,.,.,., ,"
", , , , , , , , , , , , , , , , , , , , , , , , , , , , ,1,9,9,4, ,/, ,中,国,香,港, ,中,国,大,陆, ,/, ,剧,情, ,喜,剧, ,古,装,"
", , , , , , , , , , , , , , , , , , , , , , , , , ,6,8,9,6,2,5,人,评,价
喜,宴, ,"
", , , , , , , , , , , , , , , , , , , , , , , , , , , , ,导,演,:, ,李,安, ,A,n,g, ,L,e,e, , , ,主,演,:, ,赵,文,瑄, ,W,i,n,s,t,o,n, ,C,h,a,o, ,/, ,归,亚,蕾, ,Y,a,-,l,e,i, ,K,u,e,i, ,/, ,郎,.,.,., ,"
", , , , , , , , , , , , , , , , , , , , , , , , , , , , ,1,9,9,3, ,/, ,中,国,台,湾, ,美,国, ,/, ,剧,情, ,喜,剧, ,爱,情, ,同,性, ,家,庭,"
", , , , , , , , , , , , , , , , , , , , , , , , , ,3,6,7,9,1,7,人,评,价
模,仿,游,戏, ,"
", , , , , , , , , , , , , , , , , , , , , , , , , , , , ,导,演,:, ,莫,滕,·,泰,杜,姆, ,M,o,r,t,e,n, ,T,y,l,d,u,m, , , ,主,演,:, ,本,尼,迪,克,特,·,康,伯,巴,奇, ,B,e,n,e,d,i,c,t, ,C,.,.,., ,"
", , , , , , , , , , , , , , , , , , , , , , , , , , , , ,2,0,1,4, ,/, ,英,国, ,美,国, ,/, ,剧,情, ,传,记, ,战,争, ,同,性,"
", , , , , , , , , , , , , , , , , , , , , , , , , ,6,5,4,3,2,3,人,评,价
头,号,玩,家, ,"
", , , , , , , , , , , , , , , , , , , , , , , , , , , , ,导,演,:, ,史,蒂,文,·,斯,皮,尔,伯,格, ,S,t,e,v,e,n, ,S,p,i,e,l,b,e,r,g, , , ,主,演,:, ,泰,伊,·,谢,里,丹, ,T,y,e, ,S,h,e,r,i,.,.,., ,"
", , , , , , , , , , , , , , , , , , , , , , , , , , , , ,2,0,1,8, ,/, ,美,国, ,/, ,动,作, ,科,幻, ,冒,险,"
", , , , , , , , , , , , , , , , , , , , , , , , , ,1,3,8,1,3,0,6,人,评,价
色,，,戒, ,"
", , , , , , , , , , , , , , , , , , , , , , , , , , , , ,导,演,:, ,李,安, ,A,n,g, ,L,e,e, , , ,主,演,:, ,梁,朝,伟, ,T,o,n,y, ,L,e,u,n,g, ,C,h,i,u, ,W,a,i, ,/, ,汤,唯, ,W,e,i, ,T,a,n,g, ,/, ,.,.,., ,"
", , , , , , , , , , , , , , , , , , , , , , , , , , , , ,2,0,0,7, ,/, ,中,国,台,湾, ,中,国,大,陆, ,美,国, ,中,国,香,港, ,/, ,剧,情, ,爱,情, ,情,色,"
", , , , , , , , , , , , , , , , , , , , , , , , , ,8,2,0,7,3,3,人,评,价
射,雕,英,雄,传,之,东,成,西,就, ,"
", , , , , , , , , , , , , , , , , , , , , , , , , , , , ,导,演,:, ,刘,镇,伟, ,J,e,f,f,r,e,y, ,L,a,u, , , ,主,演,:, ,梁,朝,伟, ,T,o,n,y, ,L,e,u,n,g, ,C,h,i,u, ,W,a,i, ,/, ,林,青,霞, ,B,r,i,.,.,., ,"
", , , , , , , , , , , , , , , , , , , , , , , , , , , , ,1,9,9,3, ,/, ,中,国,香,港, ,/, ,喜,剧, ,奇,幻, ,武,侠, ,古,装,"
", , , , , , , , , , , , , , , , , , , , , , , , , ,6,4,4,0,0,5,人,评,价
花,样,年,华, ,"
", , , , , , , , , , , , , , , , , , , , , , , , , , , , ,导,演,:, ,王,家,卫, ,K,a,r, ,W,a,i, ,W,o,n,g, , , ,主,演,:, ,梁,朝,伟, ,T,o,n,y, ,L,e,u,n,g, ,C,h,i,u, ,W,a,i, ,/, ,张,曼,玉, ,M,a,.,.,., ,"
", , , , , , , , , , , , , , , , , , , , , , , , , , , , ,2,0,0,0, ,/, ,中,国,香,港, ,/, ,剧,情, ,爱,情,"
", , , , , , , , , , , , , , , , , , , , , , , , , ,6,1,5,8,8,1,人,评,价
我,是,山,姆, ,"
", , , , , , , , , , , , , , , , , , , , , , , , , , , , ,导,演,:, ,杰,茜,·,尼,尔,森, ,J,e,s,s,i,e, ,N,e,l,s,o,n, , , ,主,演,:, ,S,e,a,n, ,P,e,n,n, ,/, ,D,a,k,o,t,a, ,F,a,n,n,i,n,g, ,/, ,M,i,.,.,., ,"
", , , , , , , , , , , , , , , , , , , , , , , , , , , , ,2,0,0,1, ,/, ,美,国, ,/, ,剧,情, ,家,庭,"
", , , , , , , , , , , , , , , , , , , , , , , , , ,3,4,1,3,8,6,人,评,价
阳,光,姐,妹,淘, ,"
", , , , , , , , , , , , , , , , , , , , , , , , , , , , ,导,演,:, ,姜,炯,哲, ,H,y,e,o,n,g,-,C,h,e,o,l, ,K,a,n,g, , , ,主,演,:, ,沈,恩,京, ,E,u,n,-,k,y,u,n,g, ,S,h,i,m, ,/, ,闵,孝,琳, ,H,y,.,.,., ,"
", , , , , , , , , , , , , , , , , , , , , , , , , , , , ,2,0,1,1, ,/, ,韩,国, ,/, ,剧,情, ,喜,剧,"
", , , , , , , , , , , , , , , , , , , , , , , , , ,5,9,4,1,9,0,人,评,价
头,脑,特,工,队, ,"
", , , , , , , , , , , , , , , , , , , , , , , , , , , , ,导,演,:, ,彼,特,·,道,格,特, ,P,e,t,e, ,D,o,c,t,e,r, ,/, ,罗,纳,尔,多,·,德,尔,·,卡,门, ,R,o,n,a,l,d,o, ,D,e,l, ,C,a,r,m,e,n, , ,&,n,b,.,.,., ,"
", , , , , , , , , , , , , , , , , , , , , , , , , , , , ,2,0,1,5, ,/, ,美,国, ,/, ,喜,剧, ,动,画, ,冒,险,"
", , , , , , , , , , , , , , , , , , , , , , , , , ,6,2,2,7,3,7,人,评,价
血,战,钢,锯,岭, ,"
", , , , , , , , , , , , , , , , , , , , , , , , , , , , ,导,演,:, ,梅,尔,·,吉,布,森, ,M,e,l, ,G,i,b,s,o,n, , , ,主,演,:, ,安,德,鲁,·,加,菲,尔,德, ,A,n,d,r,e,w, ,G,a,r,f,i,e,l,d, ,/,.,.,., ,"
", , , , , , , , , , , , , , , , , , , , , , , , , , , , ,2,0,1,6, ,/, ,澳,大,利,亚, ,美,国, ,/, ,剧,情, ,传,记, ,历,史, ,战,争,"
", , , , , , , , , , , , , , , , , , , , , , , , , ,7,8,9,4,8,6,人,评,价
七,武,士, ,"
", , , , , , , , , , , , , , , , , , , , , , , , , , , , ,导,演,:, ,黑,泽,明, ,A,k,i,r,a, ,K,u,r,o,s,a,w,a, , , ,主,演,:, ,三,船,敏,郎, ,T,o,s,h,i,r,ô, ,M,i,f,u,n,e, ,/, ,志,村,乔, ,.,.,., ,"
", , , , , , , , , , , , , , , , , , , , , , , , , , , , ,1,9,5,4, ,/, ,日,本, ,/, ,动,作, ,冒,险, ,剧,情,"
", , , , , , , , , , , , , , , , , , , , , , , , , ,2,0,0,6,9,6,人,评,价
恐,怖,直,播, ,"
", , , , , , , , , , , , , , , , , , , , , , , , , , , , ,导,演,:, ,金,秉,祐, ,B,y,e,o,n,g,-,w,o,o, ,K,i,m, , , ,主,演,:, ,河,正,宇, ,J,u,n,g,-,w,o,o, ,H,a, ,/, ,李,璟,荣, ,K,y,e,o,n,g,-,y,.,.,., ,"
", , , , , , , , , , , , , , , , , , , , , , , , , , , , ,2,0,1,3, ,/, ,韩,国, ,/, ,剧,情, ,犯,罪, ,悬,疑,"
", , , , , , , , , , , , , , , , , , , , , , , , , ,6,5,8,4,1,8,人,评,价
惊,魂,记, ,"
", , , , , , , , , , , , , , , , , , , , , , , , , , , , ,导,演,:, ,阿,尔,弗,雷,德,·,希,区,柯,克, ,A,l,f,r,e,d, ,H,i,t,c,h,c,o,c,k, , , ,主,演,:, ,安,东,尼,·,博,金,斯, ,A,n,t,h,o,.,.,., ,"
", , , , , , , , , , , , , , , , , , , , , , , , , , , , ,1,9,6,0, ,/, ,美,国, ,/, ,悬,疑, ,惊,悚, ,恐,怖,"
", , , , , , , , , , , , , , , , , , , , , , , , , ,2,9,9,8,3,5,人,评,价
黑,客,帝,国,3,：,矩,阵,革,命, ,"
", , , , , , , , , , , , , , , , , , , , , , , , , , , , ,导,演,:, ,拉,娜,·,沃,卓,斯,基, ,L,a,n,a, ,W,a,c,h,o,w,s,k,i, ,/, ,莉,莉,·,沃,卓,斯,基, ,L,i,l,l,y, ,W,a,c,h,o,w,s,k,i, , , ,.,.,., ,"
", , , , , , , , , , , , , , , , , , , , , , , , , , , , ,2,0,0,3, ,/, ,美,国, ,/, ,动,作, ,科,幻,"
", , , , , , , , , , , , , , , , , , , , , , , , , ,4,5,1,3,1,9,人,评,价
你,的,名,字,。, ,"
", , , , , , , , , , , , , , , , , , , , , , , , , , , , ,导,演,:, ,新,海,诚, ,M,a,k,o,t,o, ,S,h,i,n,k,a,i, , , ,主,演,:, ,神,木,隆,之,介, ,R,y,û,n,o,s,u,k,e, ,K,a,m,i,k,i, ,/, ,上,.,.,., ,"
", , , , , , , , , , , , , , , , , , , , , , , , , , , , ,2,0,1,6, ,/, ,日,本, ,/, ,剧,情, ,爱,情, ,动,画,"
", , , , , , , , , , , , , , , , , , , , , , , , , ,1,4,2,2,9,7,0,人,评,价
电,锯,惊,魂, ,"
", , , , , , , , , , , , , , , , , , , , , , , , , , , , ,导,演,:, ,詹,姆,斯,·,温, ,J,a,m,e,s, ,W,a,n, , , ,主,演,:, ,雷,·,沃,纳,尔, ,L,e,i,g,h, ,W,h,a,n,n,e,l,l, ,/, ,加,利,·,艾,.,.,., ,"
", , , , , , , , , , , , , , , , , , , , , , , , , , , , ,2,0,0,4, ,/, ,美,国, ,/, ,悬,疑, ,惊,悚, ,恐,怖,"
", , , , , , , , , , , , , , , , , , , , , , , , , ,5,3,9,4,4,3,人,评,价
三,块,广,告,牌, ,"
", , , , , , , , , , , , , , , , , , , , , , , , , , , , ,导,演,:, ,马,丁,·,麦,克,唐,纳, ,M,a,r,t,i,n, ,M,c,D,o,n,a,g,h, , , ,主,演,:, ,弗,兰,西,斯,·,麦,克,多,蒙,德, ,F,r,a,n,c,e,.,.,., ,"
", , , , , , , , , , , , , , , , , , , , , , , , , , , , ,2,0,1,7, ,/, ,英,国, ,美,国, ,/, ,剧,情, ,犯,罪,"
", , , , , , , , , , , , , , , , , , , , , , , , , ,8,2,7,8,0,8,人,评,价
达,拉,斯,买,家,俱,乐,部, ,"
", , , , , , , , , , , , , , , , , , , , , , , , , , , , ,导,演,:, ,让,-,马,克,·,瓦,雷, ,J,e,a,n,-,M,a,r,c, ,V,a,l,l,é,e, , , ,主,演,:, ,马,修,·,麦,康,纳, ,M,a,t,t,h,e,w, ,M,c,C,o,n,.,.,., ,"
", , , , , , , , , , , , , , , , , , , , , , , , , , , , ,2,0,1,3, ,/, ,美,国, ,/, ,剧,情, ,传,记, ,同,性,"
", , , , , , , , , , , , , , , , , , , , , , , , , ,4,5,6,9,1,3,人,评,价
疯,狂,原,始,人, ,"
", , , , , , , , , , , , , , , , , , , , , , , , , , , , ,导,演,:, ,科,克,·,德,·,米,科, ,K,i,r,k, ,D,e, ,M,i,c,c,o, ,/, ,克,里,斯,·,桑,德,斯, ,C,h,r,i,s, ,S,a,n,d,e,r,s, , , ,主,演,.,.,., ,"
", , , , , , , , , , , , , , , , , , , , , , , , , , , , ,2,0,1,3, ,/, ,美,国, ,/, ,喜,剧, ,动,画, ,冒,险,"
", , , , , , , , , , , , , , , , , , , , , , , , , ,8,4,6,5,3,0,人,评,价
心,迷,宫, ,"
", , , , , , , , , , , , , , , , , , , , , , , , , , , , ,导,演,:, ,忻,钰,坤, ,Y,u,k,u,n, ,X,i,n, , , ,主,演,:, ,霍,卫,民, ,W,e,i,m,i,n, ,H,u,o, ,/, ,王,笑,天, ,X,i,a,o,t,i,a,n, ,W,a,n,g, ,.,.,., ,"
", , , , , , , , , , , , , , , , , , , , , , , , , , , , ,2,0,1,4, ,/, ,中,国,大,陆, ,/, ,剧,情, ,犯,罪, ,悬,疑,"
", , , , , , , , , , , , , , , , , , , , , , , , , ,5,2,7,9,2,4,人,评,价
谍,影,重,重,3, ,"
", , , , , , , , , , , , , , , , , , , , , , , , , , , , ,导,演,:, ,保,罗,·,格,林,格,拉,斯, ,P,a,u,l, ,G,r,e,e,n,g,r,a,s,s, , , ,主,演,:, ,马,特,·,达,蒙, ,M,a,t,t, ,D,a,m,o,n, ,/, ,.,.,., ,"
", , , , , , , , , , , , , , , , , , , , , , , , , , , , ,2,0,0,7, ,/, ,美,国, ,德,国, ,法,国, ,英,国, ,/, ,动,作, ,悬,疑, ,惊,悚,"
", , , , , , , , , , , , , , , , , , , , , , , , , ,4,2,2,8,0,4,人,评,价
上,帝,之,城, ,"
", , , , , , , , , , , , , , , , , , , , , , , , , , , , ,导,演,:, ,费,尔,南,多,·,梅,里,尔,斯, ,F,e,r,n,a,n,d,o, ,M,e,i,r,e,l,l,e,s, ,/, ,卡,迪,亚,·,兰,德, ,K,á,t,i,a, ,L,u,n,d, , ,&,n,b,s,p,.,.,., ,"
", , , , , , , , , , , , , , , , , , , , , , , , , , , , ,2,0,0,2, ,/, ,巴,西, ,法,国, ,/, ,犯,罪, ,剧,情,"
", , , , , , , , , , , , , , , , , , , , , , , , , ,3,0,3,8,1,1,人,评,价
英,雄,本,色, ,"
", , , , , , , , , , , , , , , , , , , , , , , , , , , , ,导,演,:, ,吴,宇,森, ,J,o,h,n, ,W,o,o, , , ,主,演,:, ,周,润,发, ,Y,u,n,-,F,a,t, ,C,h,o,w, ,/, ,狄,龙, ,L,u,n,g, ,T,i, ,/, ,张,国,.,.,., ,"
", , , , , , , , , , , , , , , , , , , , , , , , , , , , ,1,9,8,6, ,/, ,中,国,香,港, ,/, ,剧,情, ,动,作, ,犯,罪,"
", , , , , , , , , , , , , , , , , , , , , , , , , ,5,4,7,1,4,0,人,评,价
风,之,谷, ,"
", , , , , , , , , , , , , , , , , , , , , , , , , , , , ,导,演,:, ,宫,崎,骏, ,H,a,y,a,o, ,M,i,y,a,z,a,k,i, , , ,主,演,:, ,岛,本,须,美, ,S,u,m,i, ,S,h,i,m,a,m,o,t,o, ,/, ,松,田,洋,治, ,Y,.,.,., ,"
", , , , , , , , , , , , , , , , , , , , , , , , , , , , ,1,9,8,4, ,/, ,日,本, ,/, ,动,画, ,奇,幻, ,冒,险,"
", , , , , , , , , , , , , , , , , , , , , , , , , ,3,5,7,5,3,0,人,评,价
纵,横,四,海, ,"
", , , , , , , , , , , , , , , , , , , , , , , , , , , , ,导,演,:, ,吴,宇,森, ,J,o,h,n, ,W,o,o, , , ,主,演,:, ,周,润,发, ,Y,u,n,-,F,a,t, ,C,h,o,w, ,/, ,张,国,荣, ,L,e,s,l,i,e, ,C,h,e,u,n,g,.,.,., ,"
", , , , , , , , , , , , , , , , , , , , , , , , , , , , ,1,9,9,1, ,/, ,中,国,香,港, ,/, ,剧,情, ,喜,剧, ,动,作, ,犯,罪,"
", , , , , , , , , , , , , , , , , , , , , , , , , ,4,3,0,0,9,0,人,评,价
卢,旺,达,饭,店, ,"
", , , , , , , , , , , , , , , , , , , , , , , , , , , , ,导,演,:, ,特,瑞,·,乔,治, ,T,e,r,r,y, ,G,e,o,r,g,e, , , ,主,演,:, ,唐,·,钱,德,尔, ,D,o,n, ,C,h,e,a,d,l,e, ,/, ,苏,菲,·,奥,.,.,., ,"
", , , , , , , , , , , , , , , , , , , , , , , , , , , , ,2,0,0,4, ,/, ,英,国, ,南,非, ,意,大,利, ,美,国, ,/, ,剧,情, ,传,记, ,历,史, ,战,争,"
", , , , , , , , , , , , , , , , , , , , , , , , , ,3,3,3,2,7,5,人,评,价
爱,在,午,夜,降,临,前, ,"
", , , , , , , , , , , , , , , , , , , , , , , , , , , , ,导,演,:, ,理,查,德,·,林,克,莱,特, ,R,i,c,h,a,r,d, ,L,i,n,k,l,a,t,e,r, , , ,主,演,:, ,伊,桑,·,霍,克, ,E,t,h,a,n, ,H,a,w,k,e, ,.,.,., ,"
", , , , , , , , , , , , , , , , , , , , , , , , , , , , ,2,0,1,3, ,/, ,美,国, ,希,腊, ,/, ,剧,情, ,爱,情,"
", , , , , , , , , , , , , , , , , , , , , , , , , ,4,0,8,2,7,7,人,评,价
海,街,日,记, ,"
", , , , , , , , , , , , , , , , , , , , , , , , , , , , ,导,演,:, ,是,枝,裕,和, ,H,i,r,o,k,a,z,u, ,K,o,r,e,e,d,a, , , ,主,演,:, ,绫,濑,遥, ,H,a,r,u,k,a, ,A,y,a,s,e, ,/, ,长,泽,雅,美, ,M,.,.,., ,"
", , , , , , , , , , , , , , , , , , , , , , , , , , , , ,2,0,1,5, ,/, ,日,本, ,/, ,剧,情, ,家,庭,"
", , , , , , , , , , , , , , , , , , , , , , , , , ,4,5,3,9,1,7,人,评,价
绿,里,奇,迹, ,"
", , , , , , , , , , , , , , , , , , , , , , , , , , , , ,导,演,:, ,弗,兰,克,·,德,拉,邦,特, ,F,r,a,n,k, ,D,a,r,a,b,o,n,t, , , ,主,演,:, ,汤,姆,·,汉,克,斯, ,T,o,m, ,H,a,n,k,s, ,/, ,.,.,., ,"
", , , , , , , , , , , , , , , , , , , , , , , , , , , , ,1,9,9,9, ,/, ,美,国, ,/, ,犯,罪, ,剧,情, ,奇,幻, ,悬,疑,"
", , , , , , , , , , , , , , , , , , , , , , , , , ,3,3,3,9,2,9,人,评,价
记,忆,碎,片, ,"
", , , , , , , , , , , , , , , , , , , , , , , , , , , , ,导,演,:, ,克,里,斯,托,弗,·,诺,兰, ,C,h,r,i,s,t,o,p,h,e,r, ,N,o,l,a,n, , , ,主,演,:, ,盖,·,皮,尔,斯, ,G,u,y, ,P,e,a,r,c,e, ,/,.,.,., ,"
", , , , , , , , , , , , , , , , , , , , , , , , , , , , ,2,0,0,0, ,/, ,美,国, ,/, ,犯,罪, ,剧,情, ,悬,疑, ,惊,悚,"
", , , , , , , , , , , , , , , , , , , , , , , , , ,6,0,9,9,8,5,人,评,价
小,丑, ,"
", , , , , , , , , , , , , , , , , , , , , , , , , , , , ,导,演,:, ,托,德,·,菲,利,普,斯, ,T,o,d,d, ,P,h,i,l,l,i,p,s, , , ,主,演,:, ,杰,昆,·,菲,尼,克,斯, ,J,o,a,q,u,i,n, ,P,h,o,e,n,i,.,.,., ,"
", , , , , , , , , , , , , , , , , , , , , , , , , , , , ,2,0,1,9, ,/, ,美,国, ,加,拿,大, ,/, ,剧,情, ,犯,罪, ,惊,悚,"
", , , , , , , , , , , , , , , , , , , , , , , , , ,1,0,1,6,7,5,4,人,评,价
疯,狂,的,石,头, ,"
", , , , , , , , , , , , , , , , , , , , , , , , , , , , ,导,演,:, ,宁,浩, ,H,a,o, ,N,i,n,g, , , ,主,演,:, ,郭,涛, ,T,a,o, ,G,u,o, ,/, ,刘,桦, ,H,u,a, ,L,i,u, ,/, ,连,晋, ,T,e,d,d,y, ,L,i,n, ,"
", , , , , , , , , , , , , , , , , , , , , , , , , , , , ,2,0,0,6, ,/, ,中,国,大,陆, ,中,国,香,港, ,/, ,喜,剧, ,犯,罪,"
", , , , , , , , , , , , , , , , , , , , , , , , , ,8,3,1,0,6,0,人,评,价
背,靠,背,，,脸,对,脸, ,"
", , , , , , , , , , , , , , , , , , , , , , , , , , , , ,导,演,:, ,黄,建,新, ,J,i,a,n,x,i,n, ,H,u,a,n,g, ,/, ,杨,亚,洲, ,Y,a,z,h,o,u, ,Y,a,n,g, , , ,主,演,:, ,牛,振,华, ,Z,h,e,n,h,u,a, ,N,.,.,., ,"
", , , , , , , , , , , , , , , , , , , , , , , , , , , , ,1,9,9,4, ,/, ,中,国,大,陆, ,中,国,香,港, ,/, ,剧,情,"
", , , , , , , , , , , , , , , , , , , , , , , , , ,1,3,6,9,8,1,人,评,价
岁,月,神,偷, ,"
", , , , , , , , , , , , , , , , , , , , , , , , , , , , ,导,演,:, ,罗,启,锐, ,A,l,e,x, ,L,a,w, , , ,主,演,:, ,吴,君,如, ,S,a,n,d,r,a, ,N,g, ,/, ,任,达,华, ,S,i,m,o,n, ,Y,a,m, ,/, ,钟,绍,.,.,., ,"
", , , , , , , , , , , , , , , , , , , , , , , , , , , , ,2,0,1,0, ,/, ,中,国,香,港, ,中,国,大,陆, ,/, ,剧,情, ,家,庭,"
", , , , , , , , , , , , , , , , , , , , , , , , , ,5,7,7,7,3,3,人,评,价
雨,中,曲, ,"
", , , , , , , , , , , , , , , , , , , , , , , , , , , , ,导,演,:, ,斯,坦,利,·,多,南, ,S,t,a,n,l,e,y, ,D,o,n,e,n, ,/, ,吉,恩,·,凯,利, ,G,e,n,e, ,K,e,l,l,y, , , ,主,演,:, ,吉,恩,·,.,.,., ,"
", , , , , , , , , , , , , , , , , , , , , , , , , , , , ,1,9,5,2, ,/, ,美,国, ,/, ,喜,剧, ,歌,舞, ,爱,情,"
", , , , , , , , , , , , , , , , , , , , , , , , , ,2,2,9,1,3,5,人,评,价
忠,犬,八,公,物,语, ,"
", , , , , , , , , , , , , , , , , , , , , , , , , , , , ,导,演,:, ,神,山,征,二,郎, ,S,e,i,j,i,r,ô, ,K,ô,y,a,m,a, , , ,主,演,:, ,仲,代,达,矢, ,T,a,t,s,u,y,a, ,N,a,k,a,d,a,i, ,/,.,.,., ,"
", , , , , , , , , , , , , , , , , , , , , , , , , , , , ,1,9,8,7, ,/, ,日,本, ,/, ,剧,情,"
", , , , , , , , , , , , , , , , , , , , , , , , , ,1,9,7,9,1,6,人,评,价
2,0,0,1,太,空,漫,游, ,"
", , , , , , , , , , , , , , , , , , , , , , , , , , , , ,导,演,:, ,斯,坦,利,·,库,布,里,克, ,S,t,a,n,l,e,y, ,K,u,b,r,i,c,k, , , ,主,演,:, ,凯,尔,·,杜,拉, ,K,e,i,r, ,D,u,l,l,e,a, ,/, ,.,.,., ,"
", , , , , , , , , , , , , , , , , , , , , , , , , , , , ,1,9,6,8, ,/, ,英,国, ,美,国, ,/, ,科,幻, ,惊,悚, ,冒,险,"
", , , , , , , , , , , , , , , , , , , , , , , , , ,3,3,4,9,2,3,人,评,价
心,灵,奇,旅, ,"
", , , , , , , , , , , , , , , , , , , , , , , , , , , , ,导,演,:, ,彼,特,·,道,格,特, ,P,e,t,e, ,D,o,c,t,e,r, ,/, ,凯,普,·,鲍,尔,斯, ,K,e,m,p, ,P,o,w,e,r,s, , , ,主,演,:, ,杰,米,·,.,.,., ,"
", , , , , , , , , , , , , , , , , , , , , , , , , , , , ,2,0,2,0, ,/, ,美,国, ,/, ,动,画, ,奇,幻, ,音,乐,"
", , , , , , , , , , , , , , , , , , , , , , , , , ,9,9,3,9,4,4,人,评,价
荒,蛮,故,事, ,"
", , , , , , , , , , , , , , , , , , , , , , , , , , , , ,导,演,:, ,达,米,安,·,斯,兹,弗,隆, ,D,a,m,i,á,n, ,S,z,i,f,r,o,n, , , ,主,演,:, ,达,里,奥,·,葛,兰,帝,内,提, ,D,a,r,í,o,.,.,., ,"
", , , , , , , , , , , , , , , , , , , , , , , , , , , , ,2,0,1,4, ,/, ,阿,根,廷, ,西,班,牙, ,/, ,剧,情, ,喜,剧, ,犯,罪,"
", , , , , , , , , , , , , , , , , , , , , , , , , ,4,4,8,1,1,7,人,评,价
无,间,道,2, ,"
", , , , , , , , , , , , , , , , , , , , , , , , , , , , ,导,演,:, ,刘,伟,强, ,/, ,麦,兆,辉, , , ,主,演,:, ,陈,冠,希, ,E,d,i,s,o,n, ,C,h,e,n, ,/, ,余,文,乐, ,S,h,a,w,n, ,Y,u,e, ,/, ,曾,.,.,., ,"
", , , , , , , , , , , , , , , , , , , , , , , , , , , , ,2,0,0,3, ,/, ,中,国,香,港, ,/, ,剧,情, ,犯,罪, ,惊,悚,"
", , , , , , , , , , , , , , , , , , , , , , , , , ,4,8,5,5,3,4,人,评,价
小,偷,家,族, ,"
", , , , , , , , , , , , , , , , , , , , , , , , , , , , ,导,演,:, ,是,枝,裕,和, ,H,i,r,o,k,a,z,u, ,K,o,r,e,e,d,a, , , ,主,演,:, ,中,川,雅,也, ,L,i,l,y, ,F,r,a,n,k,y, ,/, ,安,藤,樱, ,S,a,.,.,., ,"
", , , , , , , , , , , , , , , , , , , , , , , , , , , , ,2,0,1,8, ,/, ,日,本, ,/, ,剧,情, ,犯,罪, ,家,庭,"
", , , , , , , , , , , , , , , , , , , , , , , , , ,8,1,8,5,7,8,人,评,价
无,敌,破,坏,王, ,"
", , , , , , , , , , , , , , , , , , , , , , , , , , , , ,导,演,:, ,瑞,奇,·,莫,尔, ,R,i,c,h, ,M,o,o,r,e, , , ,主,演,:, ,约,翰,·,C,·,赖,利, ,J,o,h,n, ,C,., ,R,e,i,l,l,y, ,/, ,萨,拉,.,.,., ,"
", , , , , , , , , , , , , , , , , , , , , , , , , , , , ,2,0,1,2, ,/, ,美,国, ,/, ,喜,剧, ,动,画, ,奇,幻, ,冒,险,"
", , , , , , , , , , , , , , , , , , , , , , , , , ,5,4,5,9,3,1,人,评,价
爆,裂,鼓,手, ,"
", , , , , , , , , , , , , , , , , , , , , , , , , , , , ,导,演,:, ,达,米,恩,·,查,泽,雷, ,D,a,m,i,e,n, ,C,h,a,z,e,l,l,e, , , ,主,演,:, ,迈,尔,斯,·,特,勒, ,M,i,l,e,s, ,T,e,l,l,e,r, ,/,.,.,., ,"
", , , , , , , , , , , , , , , , , , , , , , , , , , , , ,2,0,1,4, ,/, ,美,国, ,/, ,剧,情, ,音,乐,"
", , , , , , , , , , , , , , , , , , , , , , , , , ,5,9,4,3,9,5,人,评,价
冰,川,时,代, ,"
", , , , , , , , , , , , , , , , , , , , , , , , , , , , ,导,演,:, ,卡,洛,斯,·,沙,尔,丹,哈, ,C,a,r,l,o,s, ,S,a,l,d,a,n,h,a, ,/, ,克,里,斯,·,韦,奇, ,C,h,r,i,s, ,W,e,d,g,e, , , ,主,演,.,.,., ,"
", , , , , , , , , , , , , , , , , , , , , , , , , , , , ,2,0,0,2, ,/, ,美,国, ,/, ,喜,剧, ,动,画, ,冒,险,"
", , , , , , , , , , , , , , , , , , , , , , , , , ,6,2,1,4,6,0,人,评,价
恐,怖,游,轮, ,"
", , , , , , , , , , , , , , , , , , , , , , , , , , , , ,导,演,:, ,克,里,斯,托,弗,·,史,密,斯, ,C,h,r,i,s,t,o,p,h,e,r, ,S,m,i,t,h, , , ,主,演,:, ,梅,利,莎,·,乔,治, ,M,e,l,i,s,s,a, ,.,.,., ,"
", , , , , , , , , , , , , , , , , , , , , , , , , , , , ,2,0,0,9, ,/, ,英,国, ,澳,大,利,亚, ,/, ,剧,情, ,悬,疑, ,惊,悚,"
", , , , , , , , , , , , , , , , , , , , , , , , , ,8,7,4,1,0,8,人,评,价
贫,民,窟,的,百,万,富,翁, ,"
", , , , , , , , , , , , , , , , , , , , , , , , , , , , ,导,演,:, ,丹,尼,·,鲍,尔, ,D,a,n,n,y, ,B,o,y,l,e, ,/, ,洛,芙,琳,·,坦,丹, ,L,o,v,e,l,e,e,n, ,T,a,n,d,a,n, , , ,主,演,:, ,戴,夫,.,.,., ,"
", , , , , , , , , , , , , , , , , , , , , , , , , , , , ,2,0,0,8, ,/, ,英,国, ,/, ,剧,情, ,爱,情,"
", , , , , , , , , , , , , , , , , , , , , , , , , ,7,5,0,8,4,2,人,评,价
东,邪,西,毒, ,"
", , , , , , , , , , , , , , , , , , , , , , , , , , , , ,导,演,:, ,王,家,卫, ,K,a,r, ,W,a,i, ,W,o,n,g, , , ,主,演,:, ,张,国,荣, ,L,e,s,l,i,e, ,C,h,e,u,n,g, ,/, ,林,青,霞, ,B,r,i,g,i,t,t,e,.,.,., ,"
", , , , , , , , , , , , , , , , , , , , , , , , , , , , ,1,9,9,4, ,/, ,中,国,香,港, ,中,国,台,湾, ,/, ,剧,情, ,动,作, ,爱,情, ,武,侠, ,古,装,"
", , , , , , , , , , , , , , , , , , , , , , , , , ,5,8,1,4,8,1,人,评,价
牯,岭,街,少,年,杀,人,事,件, ,"
", , , , , , , , , , , , , , , , , , , , , , , , , , , , ,导,演,:, ,杨,德,昌, ,E,d,w,a,r,d, ,Y,a,n,g, , , ,主,演,:, ,张,震, ,C,h,e,n, ,C,h,a,n,g, ,/, ,杨,静,怡, ,L,i,s,a, ,Y,a,n,g, ,/, ,张,.,.,., ,"
", , , , , , , , , , , , , , , , , , , , , , , , , , , , ,1,9,9,1, ,/, ,中,国,台,湾, ,/, ,剧,情, ,犯,罪,"
", , , , , , , , , , , , , , , , , , , , , , , , , ,3,0,5,1,3,1,人,评,价
魔,女,宅,急,便, ,"
", , , , , , , , , , , , , , , , , , , , , , , , , , , , ,导,演,:, ,宫,崎,骏, ,H,a,y,a,o, ,M,i,y,a,z,a,k,i, , , ,主,演,:, ,高,山,南, ,M,i,n,a,m,i, ,T,a,k,a,y,a,m,a, ,/, ,佐,久,间,玲, ,R,e,.,.,., ,"
", , , , , , , , , , , , , , , , , , , , , , , , , , , , ,1,9,8,9, ,/, ,日,本, ,/, ,动,画, ,奇,幻, ,冒,险,"
", , , , , , , , , , , , , , , , , , , , , , , , , ,4,6,4,6,5,3,人,评,价
遗,愿,清,单, ,"
", , , , , , , , , , , , , , , , , , , , , , , , , , , , ,导,演,:, ,罗,伯,·,莱,纳, ,R,o,b, ,R,e,i,n,e,r, , , ,主,演,:, ,杰,克,·,尼,科,尔,森, ,J,a,c,k, ,N,i,c,h,o,l,s,o,n, ,/, ,摩,根,.,.,., ,"
", , , , , , , , , , , , , , , , , , , , , , , , , , , , ,2,0,0,7, ,/, ,美,国, ,/, ,冒,险, ,喜,剧, ,剧,情,"
", , , , , , , , , , , , , , , , , , , , , , , , , ,4,6,7,5,1,2,人,评,价
东,京,教,父, ,"
", , , , , , , , , , , , , , , , , , , , , , , , , , , , ,导,演,:, ,今,敏, ,S,a,t,o,s,h,i, ,K,o,n, , , ,主,演,:, ,江,守,彻, ,T,o,r,u, ,E,m,o,r,i, ,/, ,梅,垣,义,明, ,Y,o,s,h,i,a,k,i, ,U,m,e,.,.,., ,"
", , , , , , , , , , , , , , , , , , , , , , , , , , , , ,2,0,0,3, ,/, ,日,本, ,/, ,剧,情, ,喜,剧, ,动,画,"
", , , , , , , , , , , , , , , , , , , , , , , , , ,2,3,4,3,7,8,人,评,价
大,佛,普,拉,斯, ,"
", , , , , , , , , , , , , , , , , , , , , , , , , , , , ,导,演,:, ,黄,信,尧, ,H,s,i,n,-,y,a,o, ,H,u,a,n,g, , , ,主,演,:, ,庄,益,增, ,Y,i,z,e,n,g, ,Z,h,u,a,n,g, ,/, ,陈,竹,昇, ,C,h,u,-,s,h,.,.,., ,"
", , , , , , , , , , , , , , , , , , , , , , , , , , , , ,2,0,1,7, ,/, ,中,国,台,湾, ,/, ,剧,情, ,喜,剧,"
", , , , , , , , , , , , , , , , , , , , , , , , , ,4,6,5,4,2,8,人,评,价
你,看,起,来,好,像,很,好,吃, ,"
", , , , , , , , , , , , , , , , , , , , , , , , , , , , ,导,演,:, ,藤,森,雅,也, ,M,a,s,a,y,a, ,F,u,j,i,m,o,r,i, , , ,主,演,:, ,山,口,胜,平, ,K,a,p,p,e,i, ,Y,a,m,a,g,u,c,h,i, ,/, ,爱,河,.,.,., ,"
", , , , , , , , , , , , , , , , , , , , , , , , , , , , ,2,0,1,0, ,/, ,日,本, ,/, ,剧,情, ,动,画, ,儿,童,"
", , , , , , , , , , , , , , , , , , , , , , , , , ,3,3,6,2,5,9,人,评,价
真,爱,至,上, ,"
", , , , , , , , , , , , , , , , , , , , , , , , , , , , ,导,演,:, ,理,查,德,·,柯,蒂,斯, ,R,i,c,h,a,r,d, ,C,u,r,t,i,s, , , ,主,演,:, ,休,·,格,兰,特, ,H,u,g,h, ,G,r,a,n,t, ,/, ,柯,林,.,.,., ,"
", , , , , , , , , , , , , , , , , , , , , , , , , , , , ,2,0,0,3, ,/, ,英,国, ,美,国, ,法,国, ,/, ,喜,剧, ,剧,情, ,爱,情,"
", , , , , , , , , , , , , , , , , , , , , , , , , ,7,3,6,2,5,6,人,评,价
黑,天,鹅, ,"
", , , , , , , , , , , , , , , , , , , , , , , , , , , , ,导,演,:, ,达,伦,·,阿,罗,诺,夫,斯,基, ,D,a,r,r,e,n, ,A,r,o,n,o,f,s,k,y, , , ,主,演,:, ,娜,塔,莉,·,波,特,曼, ,N,a,t,a,l,i,e,.,.,., ,"
", , , , , , , , , , , , , , , , , , , , , , , , , , , , ,2,0,1,0, ,/, ,美,国, ,/, ,剧,情, ,惊,悚,"
", , , , , , , , , , , , , , , , , , , , , , , , , ,7,8,5,4,2,6,人,评,价
可,可,西,里, ,"
", , , , , , , , , , , , , , , , , , , , , , , , , , , , ,导,演,:, ,陆,川, ,C,h,u,a,n, ,L,u, , , ,主,演,:, ,多,布,杰, ,D,u,o,b,u,j,i,e, ,/, ,张,磊, ,L,e,i, ,Z,h,a,n,g, ,/, ,亓,亮, ,Q,i, ,L,.,.,., ,"
", , , , , , , , , , , , , , , , , , , , , , , , , , , , ,2,0,0,4, ,/, ,中,国,大,陆, ,中,国,香,港, ,/, ,剧,情, ,犯,罪,"
", , , , , , , , , , , , , , , , , , , , , , , , , ,3,0,6,5,5,3,人,评,价
城,市,之,光, ,"
", , , , , , , , , , , , , , , , , , , , , , , , , , , , ,导,演,:, ,C,h,a,r,l,e,s, ,C,h,a,p,l,i,n, , , ,主,演,:, ,查,理,·,卓,别,林, ,C,h,a,r,l,e,s, ,C,h,a,p,l,i,n, ,/, ,弗,吉,尼,亚,·,.,.,., ,"
", , , , , , , , , , , , , , , , , , , , , , , , , , , , ,1,9,3,1, ,/, ,美,国, ,/, ,喜,剧, ,剧,情, ,爱,情,"
", , , , , , , , , , , , , , , , , , , , , , , , , ,1,4,8,7,5,3,人,评,价
源,代,码, ,"
", , , , , , , , , , , , , , , , , , , , , , , , , , , , ,导,演,:, ,邓,肯,·,琼,斯, ,D,u,n,c,a,n, ,J,o,n,e,s, , , ,主,演,:, ,杰,克,·,吉,伦,哈,尔, ,J,a,k,e, ,G,y,l,l,e,n,h,a,a,l, ,/, ,.,.,., ,"
", , , , , , , , , , , , , , , , , , , , , , , , , , , , ,2,0,1,1, ,/, ,美,国, ,加,拿,大, ,/, ,科,幻, ,悬,疑, ,惊,悚,"
", , , , , , , , , , , , , , , , , , , , , , , , , ,8,4,2,3,8,4,人,评,价
海,边,的,曼,彻,斯,特, ,"
", , , , , , , , , , , , , , , , , , , , , , , , , , , , ,导,演,:, ,肯,尼,斯,·,罗,纳,根, ,K,e,n,n,e,t,h, ,L,o,n,e,r,g,a,n, , , ,主,演,:, ,卡,西,·,阿,弗,莱,克, ,C,a,s,e,y, ,A,f,f,l,e,.,.,., ,"
", , , , , , , , , , , , , , , , , , , , , , , , , , , , ,2,0,1,6, ,/, ,美,国, ,/, ,剧,情, ,家,庭,"
", , , , , , , , , , , , , , , , , , , , , , , , , ,5,4,9,7,3,9,人,评,价
雨,人, ,"
", , , , , , , , , , , , , , , , , , , , , , , , , , , , ,导,演,:, ,巴,瑞,·,莱,文,森, ,B,a,r,r,y, ,L,e,v,i,n,s,o,n, , , ,主,演,:, ,达,斯,汀,·,霍,夫,曼, ,D,u,s,t,i,n, ,H,o,f,f,m,a,n, ,.,.,., ,"
", , , , , , , , , , , , , , , , , , , , , , , , , , , , ,1,9,8,8, ,/, ,美,国, ,/, ,剧,情,"
", , , , , , , , , , , , , , , , , , , , , , , , , ,4,0,7,4,5,6,人,评,价
波,西,米,亚,狂,想,曲, ,"
", , , , , , , , , , , , , , , , , , , , , , , , , , , , ,导,演,:, ,布,莱,恩,·,辛,格, ,B,r,y,a,n, ,S,i,n,g,e,r, , , ,主,演,:, ,拉,米,·,马,雷,克, ,R,a,m,i, ,M,a,l,e,k, ,/, ,本,·,哈,.,.,., ,"
", , , , , , , , , , , , , , , , , , , , , , , , , , , , ,2,0,1,8, ,/, ,英,国, ,美,国, ,/, ,剧,情, ,传,记, ,同,性, ,音,乐,"
", , , , , , , , , , , , , , , , , , , , , , , , , ,6,1,2,0,7,2,人,评,价
初,恋,这,件,小,事, ,"
", , , , , , , , , , , , , , , , , , , , , , , , , , , , ,导,演,:, ,普,特,鹏,·,普,罗,萨,卡,·,那,·,萨,克,那,卡,林, ,P,u,t,t,i,p,o,n,g, ,P,r,o,m,s,a,k,a, ,N,a, ,S,a,k,o,l,n,a,k,o,r,n, ,/, ,华,森,·,波,克,彭,.,.,., ,"
", , , , , , , , , , , , , , , , , , , , , , , , , , , , ,2,0,1,0, ,/, ,泰,国, ,/, ,剧,情, ,喜,剧, ,爱,情,"
", , , , , , , , , , , , , , , , , , , , , , , , , ,9,8,6,0,4,5,人,评,价
恋,恋,笔,记,本, ,"
", , , , , , , , , , , , , , , , , , , , , , , , , , , , ,导,演,:, ,尼,克,·,卡,索,维,茨, ,N,i,c,k, ,C,a,s,s,a,v,e,t,e,s, , , ,主,演,:, ,瑞,恩,·,高,斯,林, ,R,y,a,n, ,G,o,s,l,i,n,g, ,/,.,.,., ,"
", , , , , , , , , , , , , , , , , , , , , , , , , , , , ,2,0,0,4, ,/, ,美,国, ,/, ,剧,情, ,爱,情,"
", , , , , , , , , , , , , , , , , , , , , , , , , ,6,7,7,7,3,1,人,评,价
人,工,智,能, ,"
", , , , , , , , , , , , , , , , , , , , , , , , , , , , ,导,演,:, ,史,蒂,文,·,斯,皮,尔,伯,格, ,S,t,e,v,e,n, ,S,p,i,e,l,b,e,r,g, , , ,主,演,:, ,海,利,·,乔,·,奥,斯,蒙, ,H,a,l,e,y,.,.,., ,"
", , , , , , , , , , , , , , , , , , , , , , , , , , , , ,2,0,0,1, ,/, ,美,国, ,英,国, ,/, ,剧,情, ,科,幻,"
", , , , , , , , , , , , , , , , , , , , , , , , , ,4,5,1,4,2,5,人,评,价
青,蛇, ,"
", , , , , , , , , , , , , , , , , , , , , , , , , , , , ,导,演,:, ,徐,克, ,H,a,r,k, ,T,s,u,i, , , ,主,演,:, ,张,曼,玉, ,M,a,g,g,i,e, ,C,h,e,u,n,g, ,/, ,王,祖,贤, ,J,o,e,y, ,W,a,n,g, ,/, ,.,.,., ,"
", , , , , , , , , , , , , , , , , , , , , , , , , , , , ,1,9,9,3, ,/, ,中,国,香,港, ,中,国,大,陆, ,/, ,剧,情, ,爱,情, ,奇,幻, ,古,装,"
", , , , , , , , , , , , , , , , , , , , , , , , , ,5,3,2,1,4,5,人,评,价
虎,口,脱,险, ,"
", , , , , , , , , , , , , , , , , , , , , , , , , , , , ,导,演,:, ,杰,拉,尔,·,乌,里, ,G,é,r,a,r,d, ,O,u,r,y, , , ,主,演,:, ,路,易,·,德,·,菲,耐,斯, ,L,o,u,i,s, ,d,e, ,F,u,n,è,s,.,.,., ,"
", , , , , , , , , , , , , , , , , , , , , , , , , , , , ,1,9,6,6, ,/, ,法,国, ,英,国, ,/, ,喜,剧, ,战,争,"
", , , , , , , , , , , , , , , , , , , , , , , , , ,2,6,0,2,4,2,人,评,价
终,结,者,2,：,审,判,日, ,"
", , , , , , , , , , , , , , , , , , , , , , , , , , , , ,导,演,:, ,詹,姆,斯,·,卡,梅,隆, ,J,a,m,e,s, ,C,a,m,e,r,o,n, , , ,主,演,:, ,阿,诺,·,施,瓦,辛,格, ,A,r,n,o,l,d, ,S,c,h,w,a,r,z,.,.,., ,"
", , , , , , , , , , , , , , , , , , , , , , , , , , , , ,1,9,9,1, ,/, ,美,国, ,法,国, ,/, ,动,作, ,科,幻,"
", , , , , , , , , , , , , , , , , , , , , , , , , ,3,4,5,1,0,4,人,评,价
疯,狂,的,麦,克,斯,4,：,狂,暴,之,路, ,"
", , , , , , , , , , , , , , , , , , , , , , , , , , , , ,导,演,:, ,乔,治,·,米,勒, ,G,e,o,r,g,e, ,M,i,l,l,e,r, , , ,主,演,:, ,汤,姆,·,哈,迪, ,T,o,m, ,H,a,r,d,y, ,/, ,查,理,兹,·,塞,.,.,., ,"
", , , , , , , , , , , , , , , , , , , , , , , , , , , , ,2,0,1,5, ,/, ,澳,大,利,亚, ,美,国, ,/, ,动,作, ,科,幻, ,冒,险,"
", , , , , , , , , , , , , , , , , , , , , , , , , ,5,3,6,0,2,0,人,评,价
末,路,狂,花, ,"
", , , , , , , , , , , , , , , , , , , , , , , , , , , , ,导,演,:, ,雷,德,利,·,斯,科,特, ,R,i,d,l,e,y, ,S,c,o,t,t, , , ,主,演,:, ,吉,娜,·,戴,维,斯, ,G,e,e,n,a, ,D,a,v,i,s, ,/, ,苏,.,.,., ,"
", , , , , , , , , , , , , , , , , , , , , , , , , , , , ,1,9,9,1, ,/, ,美,国, ,英,国, ,法,国, ,/, ,犯,罪, ,剧,情, ,惊,悚,"
", , , , , , , , , , , , , , , , , , , , , , , , , ,2,6,2,4,1,2,人,评,价
罗,生,门, ,"
", , , , , , , , , , , , , , , , , , , , , , , , , , , , ,导,演,:, ,黑,泽,明, ,A,k,i,r,a, ,K,u,r,o,s,a,w,a, , , ,主,演,:, ,三,船,敏,郎, ,T,o,s,h,i,r,ô, ,M,i,f,u,n,e, ,/, ,京,町,子, ,.,.,., ,"
", , , , , , , , , , , , , , , , , , , , , , , , , , , , ,1,9,5,0, ,/, ,日,本, ,/, ,剧,情, ,犯,罪, ,悬,疑,"
", , , , , , , , , , , , , , , , , , , , , , , , , ,3,1,8,1,2,2,人,评,价
新,龙,门,客,栈, ,"
", , , , , , , , , , , , , , , , , , , , , , , , , , , , ,导,演,:, ,李,惠,民, ,R,a,y,m,o,n,d, ,L,e,e, , , ,主,演,:, ,张,曼,玉, ,M,a,g,g,i,e, ,C,h,e,u,n,g, ,/, ,林,青,霞, ,B,r,i,g,i,t,t,e, ,.,.,., ,"
", , , , , , , , , , , , , , , , , , , , , , , , , , , , ,1,9,9,2, ,/, ,中,国,香,港, ,中,国,大,陆, ,/, ,动,作, ,爱,情, ,武,侠, ,古,装,"
", , , , , , , , , , , , , , , , , , , , , , , , , ,4,4,9,2,0,3,人,评,价
萤,火,虫,之,墓, ,"
", , , , , , , , , , , , , , , , , , , , , , , , , , , , ,导,演,:, ,高,畑,勋, ,I,s,a,o, ,T,a,k,a,h,a,t,a, , , ,主,演,:, ,辰,己,努, ,/, ,白,石,绫,乃, ,/, ,志,乃,原,良,子, ,"
", , , , , , , , , , , , , , , , , , , , , , , , , , , , ,1,9,8,8, ,/, ,日,本, ,/, ,动,画, ,剧,情, ,战,争,"
", , , , , , , , , , , , , , , , , , , , , , , , , ,4,0,7,4,4,1,人,评,价
千,钧,一,发, ,"
", , , , , , , , , , , , , , , , , , , , , , , , , , , , ,导,演,:, ,安,德,鲁,·,尼,科,尔, ,A,n,d,r,e,w, ,N,i,c,c,o,l, , , ,主,演,:, ,伊,桑,·,霍,克, ,E,t,h,a,n, ,H,a,w,k,e, ,/, ,乌,玛,.,.,., ,"
", , , , , , , , , , , , , , , , , , , , , , , , , , , , ,1,9,9,7, ,/, ,美,国, ,/, ,剧,情, ,科,幻, ,惊,悚,"
", , , , , , , , , , , , , , , , , , , , , , , , , ,3,0,2,9,6,3,人,评,价
无,耻,混,蛋, ,"
", , , , , , , , , , , , , , , , , , , , , , , , , , , , ,导,演,:, ,昆,汀,·,塔,伦,蒂,诺, ,Q,u,e,n,t,i,n, ,T,a,r,a,n,t,i,n,o, , , ,主,演,:, ,布,拉,德,·,皮,特, ,B,r,a,d, ,P,i,t,t, ,/, ,.,.,., ,"
", , , , , , , , , , , , , , , , , , , , , , , , , , , , ,2,0,0,9, ,/, ,德,国, ,美,国, ,/, ,剧,情, ,犯,罪,"
", , , , , , , , , , , , , , , , , , , , , , , , , ,4,8,3,6,0,2,人,评,价
崖,上,的,波,妞, ,"
", , , , , , , , , , , , , , , , , , , , , , , , , , , , ,导,演,:, ,宫,崎,骏, ,H,a,y,a,o, ,M,i,y,a,z,a,k,i, , , ,主,演,:, ,奈,良,柚,莉,爱, ,Y,u,r,i,a, ,N,a,r,a, ,/, ,土,井,洋,辉, ,H,i,r,.,.,., ,"
", , , , , , , , , , , , , , , , , , , , , , , , , , , , ,2,0,0,8, ,/, ,日,本, ,/, ,动,画, ,奇,幻, ,冒,险,"
", , , , , , , , , , , , , , , , , , , , , , , , , ,5,0,3,9,2,7,人,评,价
花,束,般,的,恋,爱, ,"
", , , , , , , , , , , , , , , , , , , , , , , , , , , , ,导,演,:, ,土,井,裕,泰, ,N,o,b,u,h,i,r,o, ,D,o,i, , , ,主,演,:, ,菅,田,将,晖, ,M,a,s,a,k,i, ,S,u,d,a, ,/, ,有,村,架,纯, ,K,a,s,u,.,.,., ,"
", , , , , , , , , , , , , , , , , , , , , , , , , , , , ,2,0,2,1, ,/, ,日,本, ,/, ,剧,情, ,爱,情,"
", , , , , , , , , , , , , , , , , , , , , , , , , ,6,3,6,0,2,5,人,评,价
彗,星,来,的,那,一,夜, ,"
", , , , , , , , , , , , , , , , , , , , , , , , , , , , ,导,演,:, ,詹,姆,斯,·,沃,德,·,布,柯,特, ,J,a,m,e,s, ,W,a,r,d, ,B,y,r,k,i,t, , , ,主,演,:, ,艾,米,丽,·,芭,尔,多,尼, ,E,m,.,.,., ,"
", , , , , , , , , , , , , , , , , , , , , , , , , , , , ,2,0,1,3, ,/, ,美,国, ,英,国, ,/, ,科,幻, ,悬,疑, ,惊,悚,"
", , , , , , , , , , , , , , , , , , , , , , , , , ,5,8,8,1,6,3,人,评,价
芙,蓉,镇, ,"
", , , , , , , , , , , , , , , , , , , , , , , , , , , , ,导,演,:, ,谢,晋, ,J,i,n, ,X,i,e, , , ,主,演,:, ,刘,晓,庆, ,X,i,a,o,q,i,n,g, ,L,i,u, ,/, ,姜,文, ,W,e,n, ,J,i,a,n,g, ,/, ,郑,在,石,.,.,., ,"
", , , , , , , , , , , , , , , , , , , , , , , , , , , , ,1,9,8,7, ,/, ,中,国,大,陆, ,/, ,剧,情, ,爱,情,"
", , , , , , , , , , , , , , , , , , , , , , , , , ,1,4,2,6,3,5,人,评,价
奇,迹,男,孩, ,"
", , , , , , , , , , , , , , , , , , , , , , , , , , , , ,导,演,:, ,斯,蒂,芬,·,卓,博,斯,基, ,S,t,e,p,h,e,n, ,C,h,b,o,s,k,y, , , ,主,演,:, ,雅,各,布,·,特,伦,布,莱, ,J,a,c,o,b, ,T,r,.,.,., ,"
", , , , , , , , , , , , , , , , , , , , , , , , , , , , ,2,0,1,7, ,/, ,美,国, ,中,国,香,港, ,/, ,剧,情, ,儿,童, ,家,庭,"
", , , , , , , , , , , , , , , , , , , , , , , , , ,5,5,5,1,8,3,人,评,价
爱,乐,之,城, ,"
", , , , , , , , , , , , , , , , , , , , , , , , , , , , ,导,演,:, ,达,米,恩,·,查,泽,雷, ,D,a,m,i,e,n, ,C,h,a,z,e,l,l,e, , , ,主,演,:, ,瑞,恩,·,高,斯,林, ,R,y,a,n, ,G,o,s,l,i,n,g, ,/,.,.,., ,"
", , , , , , , , , , , , , , , , , , , , , , , , , , , , ,2,0,1,6, ,/, ,美,国, ,/, ,剧,情, ,爱,情, ,歌,舞,"
", , , , , , , , , , , , , , , , , , , , , , , , , ,9,0,9,4,3,4,人,评,价
二,十,二, ,"
", , , , , , , , , , , , , , , , , , , , , , , , , , , , ,导,演,:, ,郭,柯, ,K,e, ,G,u,o, , , ,主,演,:, , ,"
", , , , , , , , , , , , , , , , , , , , , , , , , , , , ,2,0,1,5, ,/, ,中,国,大,陆, ,/, ,纪,录,片,"
", , , , , , , , , , , , , , , , , , , , , , , , , ,2,9,3,5,8,7,人,评,价
黑,客,帝,国,2,：,重,装,上,阵, ,"
", , , , , , , , , , , , , , , , , , , , , , , , , , , , ,导,演,:, ,拉,娜,·,沃,卓,斯,基, ,L,a,n,a, ,W,a,c,h,o,w,s,k,i, ,/, ,莉,莉,·,沃,卓,斯,基, ,L,i,l,l,y, ,W,a,c,h,o,w,s,k,i, , , ,.,.,., ,"
", , , , , , , , , , , , , , , , , , , , , , , , , , , , ,2,0,0,3, ,/, ,美,国, ,/, ,动,作, ,科,幻,"
", , , , , , , , , , , , , , , , , , , , , , , , , ,4,1,0,2,8,1,人,评,价
哈,利,·,波,特,与,死,亡,圣,器,(,上,), ,"
", , , , , , , , , , , , , , , , , , , , , , , , , , , , ,导,演,:, ,大,卫,·,叶,茨, ,D,a,v,i,d, ,Y,a,t,e,s, , , ,主,演,:, ,丹,尼,尔,·,雷,德,克,里,夫, ,D,a,n,i,e,l, ,R,a,d,c,l,i,f,f,e,.,.,., ,"
", , , , , , , , , , , , , , , , , , , , , , , , , , , , ,2,0,1,0, ,/, ,英,国, ,美,国, ,/, ,奇,幻, ,冒,险,"
", , , , , , , , , , , , , , , , , , , , , , , , , ,5,8,4,6,3,7,人,评,价
血,钻, ,"
", , , , , , , , , , , , , , , , , , , , , , , , , , , , ,导,演,:, ,爱,德,华,·,兹,威,克, ,E,d,w,a,r,d, ,Z,w,i,c,k, , , ,主,演,:, ,莱,昂,纳,多,·,迪,卡,普,里,奥, ,L,e,o,n,a,r,d,o, ,.,.,., ,"
", , , , , , , , , , , , , , , , , , , , , , , , , , , , ,2,0,0,6, ,/, ,美,国, ,德,国, ,英,国, ,/, ,剧,情, ,惊,悚, ,冒,险,"
", , , , , , , , , , , , , , , , , , , , , , , , , ,3,8,3,8,0,2,人,评,价
战,争,之,王, ,"
", , , , , , , , , , , , , , , , , , , , , , , , , , , , ,导,演,:, ,安,德,鲁,·,尼,科,尔, ,A,n,d,r,e,w, ,N,i,c,c,o,l, , , ,主,演,:, ,尼,古,拉,斯,·,凯,奇, ,N,i,c,o,l,a,s, ,C,a,g,e, ,/,.,.,., ,"
", , , , , , , , , , , , , , , , , , , , , , , , , , , , ,2,0,0,5, ,/, ,美,国, ,德,国, ,/, ,剧,情, ,犯,罪,"
", , , , , , , , , , , , , , , , , , , , , , , , , ,3,7,2,6,2,0,人,评,价
步,履,不,停, ,"
", , , , , , , , , , , , , , , , , , , , , , , , , , , , ,导,演,:, ,是,枝,裕,和, ,H,i,r,o,k,a,z,u, ,K,o,r,e,e,d,a, , , ,主,演,:, ,阿,部,宽, ,H,i,r,o,s,h,i, ,A,b,e, ,/, ,夏,川,结,衣, ,Y,u,.,.,., ,"
", , , , , , , , , , , , , , , , , , , , , , , , , , , , ,2,0,0,8, ,/, ,日,本, ,/, ,剧,情, ,家,庭,"
", , , , , , , , , , , , , , , , , , , , , , , , , ,2,8,2,3,8,0,人,评,价
房,间, ,"
", , , , , , , , , , , , , , , , , , , , , , , , , , , , ,导,演,:, ,伦,尼,·,阿,伯,拉,罕,森, ,L,e,n,n,y, ,A,b,r,a,h,a,m,s,o,n, , , ,主,演,:, ,布,丽,·,拉,尔,森, ,B,r,i,e, ,L,a,r,s,o,n,.,.,., ,"
", , , , , , , , , , , , , , , , , , , , , , , , , , , , ,2,0,1,5, ,/, ,爱,尔,兰, ,加,拿,大, ,英,国, ,美,国, ,/, ,剧,情, ,家,庭,"
", , , , , , , , , , , , , , , , , , , , , , , , , ,3,7,0,5,3,1,人,评,价
火,星,救,援, ,"
", , , , , , , , , , , , , , , , , , , , , , , , , , , , ,导,演,:, ,雷,德,利,·,斯,科,特, ,R,i,d,l,e,y, ,S,c,o,t,t, , , ,主,演,:, ,马,特,·,达,蒙, ,M,a,t,t, ,D,a,m,o,n, ,/, ,杰,西,卡,.,.,., ,"
", , , , , , , , , , , , , , , , , , , , , , , , , , , , ,2,0,1,5, ,/, ,英,国, ,美,国, ,匈,牙,利, ,约,旦, ,/, ,剧,情, ,科,幻, ,冒,险,"
", , , , , , , , , , , , , , , , , , , , , , , , , ,7,3,7,4,1,6,人,评,价
魂,断,蓝,桥, ,"
", , , , , , , , , , , , , , , , , , , , , , , , , , , , ,导,演,:, ,茂,文,·,勒,鲁,瓦, ,M,e,r,v,y,n, ,L,e,R,o,y, , , ,主,演,:, ,费,雯,·,丽, ,V,i,v,i,e,n, ,L,e,i,g,h, ,/, ,罗,伯,特,·,.,.,., ,"
", , , , , , , , , , , , , , , , , , , , , , , , , , , , ,1,9,4,0, ,/, ,美,国, ,/, ,剧,情, ,爱,情, ,战,争,"
", , , , , , , , , , , , , , , , , , , , , , , , , ,2,8,1,4,1,7,人,评,价
千,年,女,优, ,"
", , , , , , , , , , , , , , , , , , , , , , , , , , , , ,导,演,:, ,今,敏, ,S,a,t,o,s,h,i, ,K,o,n, , , ,主,演,:, ,庄,司,美,代,子, ,M,i,y,o,k,o, ,S,h,ô,j,i, ,/, ,小,山,茉,美, ,M,a,m,.,.,., ,"
", , , , , , , , , , , , , , , , , , , , , , , , , , , , ,2,0,0,1, ,/, ,日,本, ,/, ,动,画, ,剧,情, ,爱,情,"
", , , , , , , , , , , , , , , , , , , , , , , , , ,2,7,1,5,1,7,人,评,价
谍,影,重,重,2, ,"
", , , , , , , , , , , , , , , , , , , , , , , , , , , , ,导,演,:, ,保,罗,·,格,林,格,拉,斯, ,P,a,u,l, ,G,r,e,e,n,g,r,a,s,s, , , ,主,演,:, ,马,特,·,达,蒙, ,M,a,t,t, ,D,a,m,o,n, ,/, ,.,.,., ,"
", , , , , , , , , , , , , , , , , , , , , , , , , , , , ,2,0,0,4, ,/, ,美,国, ,德,国, ,/, ,动,作, ,悬,疑, ,惊,悚,"
", , , , , , , , , , , , , , , , , , , , , , , , , ,3,5,6,5,9,4,人,评,价
白,日,梦,想,家, ,"
", , , , , , , , , , , , , , , , , , , , , , , , , , , , ,导,演,:, ,本,·,斯,蒂,勒, ,B,e,n, ,S,t,i,l,l,e,r, , , ,主,演,:, ,本,·,斯,蒂,勒, ,B,e,n, ,S,t,i,l,l,e,r, ,/, ,克,里,斯,汀,·,.,.,., ,"
", , , , , , , , , , , , , , , , , , , , , , , , , , , , ,2,0,1,3, ,/, ,美,国, ,英,国, ,/, ,剧,情, ,喜,剧, ,冒,险,"
", , , , , , , , , , , , , , , , , , , , , , , , , ,4,9,0,6,3,6,人,评,价
哈,利,·,波,特,与,凤,凰,社, ,"
", , , , , , , , , , , , , , , , , , , , , , , , , , , , ,导,演,:, ,大,卫,·,叶,茨, ,D,a,v,i,d, ,Y,a,t,e,s, , , ,主,演,:, ,丹,尼,尔,·,雷,德,克,里,夫, ,D,a,n,i,e,l, ,R,a,d,c,l,i,f,f,e,.,.,., ,"
", , , , , , , , , , , , , , , , , , , , , , , , , , , , ,2,0,0,7, ,/, ,英,国, ,美,国, ,/, ,奇,幻, ,冒,险,"
", , , , , , , , , , , , , , , , , , , , , , , , , ,5,7,8,6,8,2,人,评,价
弱,点, ,"
", , , , , , , , , , , , , , , , , , , , , , , , , , , , ,导,演,:, ,约,翰,·,李,·,汉,考,克, ,J,o,h,n, ,L,e,e, ,H,a,n,c,o,c,k, , , ,主,演,:, ,桑,德,拉,·,布,洛,克, ,S,a,n,d,r,a, ,B,u,.,.,., ,"
", , , , , , , , , , , , , , , , , , , , , , , , , , , , ,2,0,0,9, ,/, ,美,国, ,/, ,剧,情, ,家,庭, ,传,记, ,运,动,"
", , , , , , , , , , , , , , , , , , , , , , , , , ,3,1,3,0,8,1,人,评,价
阿,飞,正,传, ,"
", , , , , , , , , , , , , , , , , , , , , , , , , , , , ,导,演,:, ,王,家,卫, ,K,a,r, ,W,a,i, ,W,o,n,g, , , ,主,演,:, ,张,国,荣, ,L,e,s,l,i,e, ,C,h,e,u,n,g, ,/, ,张,曼,玉, ,M,a,g,g,i,e, ,C,.,.,., ,"
", , , , , , , , , , , , , , , , , , , , , , , , , , , , ,1,9,9,0, ,/, ,中,国,香,港, ,/, ,犯,罪, ,剧,情, ,爱,情,"
", , , , , , , , , , , , , , , , , , , , , , , , , ,5,1,5,8,0,0,人,评,价
蜘,蛛,侠,：,平,行,宇,宙, ,"
", , , , , , , , , , , , , , , , , , , , , , , , , , , , ,导,演,:, ,鲍,勃,·,佩,尔,西,凯,蒂, ,B,o,b, ,P,e,r,s,i,c,h,e,t,t,i, ,/, ,彼,得,·,拉,姆,齐, ,P,e,t,e,r, ,R,a,m,s,e,y, , , ,主,.,.,., ,"
", , , , , , , , , , , , , , , , , , , , , , , , , , , , ,2,0,1,8, ,/, ,美,国, ,/, ,动,作, ,科,幻, ,动,画, ,冒,险,"
", , , , , , , , , , , , , , , , , , , , , , , , , ,6,7,3,5,5,7,人,评,价
谍,影,重,重, ,"
", , , , , , , , , , , , , , , , , , , , , , , , , , , , ,导,演,:, ,道,格,·,里,曼, ,D,o,u,g, ,L,i,m,a,n, , , ,主,演,:, ,马,特,·,达,蒙, ,M,a,t,t, ,D,a,m,o,n, ,/, ,弗,兰,卡,·,波,坦,.,.,., ,"
", , , , , , , , , , , , , , , , , , , , , , , , , , , , ,2,0,0,2, ,/, ,美,国, ,德,国, ,捷,克, ,/, ,动,作, ,悬,疑, ,惊,悚,"
", , , , , , , , , , , , , , , , , , , , , , , , , ,4,3,1,9,2,3,人,评,价
朗,读,者, ,"
", , , , , , , , , , , , , , , , , , , , , , , , , , , , ,导,演,:, ,史,蒂,芬,·,戴,德,利, ,S,t,e,p,h,e,n, ,D,a,l,d,r,y, , , ,主,演,:, ,凯,特,·,温,丝,莱,特, ,K,a,t,e, ,W,i,n,s,l,e,t, ,.,.,., ,"
", , , , , , , , , , , , , , , , , , , , , , , , , , , , ,2,0,0,8, ,/, ,美,国, ,德,国, ,/, ,剧,情, ,爱,情,"
", , , , , , , , , , , , , , , , , , , , , , , , , ,4,5,6,6,5,0,人,评,价
燃,情,岁,月, ,"
", , , , , , , , , , , , , , , , , , , , , , , , , , , , ,导,演,:, ,爱,德,华,·,兹,威,克, ,E,d,w,a,r,d, ,Z,w,i,c,k, , , ,主,演,:, ,布,拉,德,·,皮,特, ,B,r,a,d, ,P,i,t,t, ,/, ,安,东,.,.,., ,"
", , , , , , , , , , , , , , , , , , , , , , , , , , , , ,1,9,9,4, ,/, ,美,国, ,/, ,剧,情, ,爱,情, ,战,争, ,西,部,"
", , , , , , , , , , , , , , , , , , , , , , , , , ,2,8,9,4,8,4,人,评,价
再,次,出,发,之,纽,约,遇,见,你, ,"
", , , , , , , , , , , , , , , , , , , , , , , , , , , , ,导,演,:, ,约,翰,·,卡,尼, ,J,o,h,n, ,C,a,r,n,e,y, , , ,主,演,:, ,凯,拉,·,奈,特,莉, ,K,e,i,r,a, ,K,n,i,g,h,t,l,e,y, ,/, ,马,克,.,.,., ,"
", , , , , , , , , , , , , , , , , , , , , , , , , , , , ,2,0,1,3, ,/, ,美,国, ,/, ,喜,剧, ,爱,情, ,音,乐,"
", , , , , , , , , , , , , , , , , , , , , , , , , ,4,3,0,9,6,6,人,评,价
香,水, ,"
", , , , , , , , , , , , , , , , , , , , , , , , , , , , ,导,演,:, ,汤,姆,·,提,克,威, ,T,o,m, ,T,y,k,w,e,r, , , ,主,演,:, ,本,·,卫,肖, ,B,e,n, ,W,h,i,s,h,a,w, ,/, ,艾,伦,·,瑞,克,.,.,., ,"
", , , , , , , , , , , , , , , , , , , , , , , , , , , , ,2,0,0,6, ,/, ,德,国, ,法,国, ,西,班,牙, ,美,国, ,比,利,时, ,/, ,剧,情, ,犯,罪, ,奇,幻,"
", , , , , , , , , , , , , , , , , , , , , , , , , ,5,4,8,1,7,1,人,评,价
发,条,橙, ,"
", , , , , , , , , , , , , , , , , , , , , , , , , , , , ,导,演,:, ,斯,坦,利,·,库,布,里,克, ,S,t,a,n,l,e,y, ,K,u,b,r,i,c,k, , , ,主,演,:, ,马,尔,科,姆,·,麦,克,道,威,尔, ,M,a,l,c,.,.,., ,"
", , , , , , , , , , , , , , , , , , , , , , , , , , , , ,1,9,7,1, ,/, ,英,国, ,美,国, ,/, ,犯,罪, ,剧,情, ,科,幻,"
", , , , , , , , , , , , , , , , , , , , , , , , , ,3,6,9,1,4,3,人,评,价
